漢字,部首ID,部首,部首名
一,1,一,いち
丁,1,一,いち
七,1,一,いち
万,1,一,いち
丈,1,一,いち
三,1,一,いち
上,1,一,いち
下,1,一,いち
不,1,一,いち
与,1,一,いち
且,1,一,いち
世,1,一,いち
丘,1,一,いち
丙,1,一,いち
両,1,一,いち
並,1,一,いち
中,2,丨,ぼう・たてぼう
串,2,丨,ぼう・たてぼう
丸,3,丶,てん
丹,3,丶,てん
主,3,丶,てん
丼,3,丶,てん
久,4,丿,の・はらいぼう
乏,4,丿,の・はらいぼう
乗,4,丿,の・はらいぼう
乙,5a,乙,おつ
九,5a,乙,おつ
乞,5a,乙,おつ
乾,5a,乙,おつ
乱,5b,乚,おつ
乳,5b,乚,おつ
了,6,亅,はねぼう
予,6,亅,はねぼう
争,6,亅,はねぼう
事,6,亅,はねぼう
二,7,二,に
互,7,二,に
五,7,二,に
井,7,二,に
亜,7,二,に
亡,8,亠,なべぶた・けいさんかんむり
交,8,亠,なべぶた・けいさんかんむり
享,8,亠,なべぶた・けいさんかんむり
京,8,亠,なべぶた・けいさんかんむり
亭,8,亠,なべぶた・けいさんかんむり
人,9a,人,ひと
以,9a,人,ひと
仁,9b,亻,にんべん
仏,9b,亻,にんべん
仕,9b,亻,にんべん
他,9b,亻,にんべん
付,9b,亻,にんべん
仙,9b,亻,にんべん
代,9b,亻,にんべん
仮,9b,亻,にんべん
仰,9b,亻,にんべん
仲,9b,亻,にんべん
件,9b,亻,にんべん
任,9b,亻,にんべん
伎,9b,亻,にんべん
伏,9b,亻,にんべん
伐,9b,亻,にんべん
休,9b,亻,にんべん
伝,9b,亻,にんべん
伯,9b,亻,にんべん
伴,9b,亻,にんべん
伸,9b,亻,にんべん
伺,9b,亻,にんべん
似,9b,亻,にんべん
但,9b,亻,にんべん
位,9b,亻,にんべん
低,9b,亻,にんべん
住,9b,亻,にんべん
佐,9b,亻,にんべん
体,9b,亻,にんべん
何,9b,亻,にんべん
作,9b,亻,にんべん
佳,9b,亻,にんべん
併,9b,亻,にんべん
使,9b,亻,にんべん
例,9b,亻,にんべん
侍,9b,亻,にんべん
供,9b,亻,にんべん
依,9b,亻,にんべん
価,9b,亻,にんべん
侮,9b,亻,にんべん
侯,9b,亻,にんべん
侵,9b,亻,にんべん
侶,9b,亻,にんべん
便,9b,亻,にんべん
係,9b,亻,にんべん
促,9b,亻,にんべん
俊,9b,亻,にんべん
俗,9b,亻,にんべん
保,9b,亻,にんべん
信,9b,亻,にんべん
修,9b,亻,にんべん
俳,9b,亻,にんべん
俵,9b,亻,にんべん
俸,9b,亻,にんべん
俺,9b,亻,にんべん
個,9b,亻,にんべん
倍,9b,亻,にんべん
倒,9b,亻,にんべん
候,9b,亻,にんべん
借,9b,亻,にんべん
倣,9b,亻,にんべん
値,9b,亻,にんべん
倫,9b,亻,にんべん
倹,9b,亻,にんべん
偉,9b,亻,にんべん
偏,9b,亻,にんべん
停,9b,亻,にんべん
健,9b,亻,にんべん
側,9b,亻,にんべん
偵,9b,亻,にんべん
偶,9b,亻,にんべん
偽,9b,亻,にんべん
傍,9b,亻,にんべん
傑,9b,亻,にんべん
備,9b,亻,にんべん
催,9b,亻,にんべん
傲,9b,亻,にんべん
債,9b,亻,にんべん
傷,9b,亻,にんべん
傾,9b,亻,にんべん
僅,9b,亻,にんべん
働,9b,亻,にんべん
像,9b,亻,にんべん
僕,9b,亻,にんべん
僚,9b,亻,にんべん
僧,9b,亻,にんべん
儀,9b,亻,にんべん
億,9b,亻,にんべん
儒,9b,亻,にんべん
償,9b,亻,にんべん
優,9b,亻,にんべん
今,9c,𠆢,ひとやね
介,9c,𠆢,ひとやね
令,9c,𠆢,ひとやね
企,9c,𠆢,ひとやね
会,9c,𠆢,ひとやね
余,9c,𠆢,ひとやね
倉,9c,𠆢,ひとやね
傘,9c,𠆢,ひとやね
元,10b,儿,ひとあし・にんにょう
兄,10b,儿,ひとあし・にんにょう
充,10b,儿,ひとあし・にんにょう
兆,10b,儿,ひとあし・にんにょう
先,10b,儿,ひとあし・にんにょう
光,10b,儿,ひとあし・にんにょう
克,10b,儿,ひとあし・にんにょう
免,10b,儿,ひとあし・にんにょう
児,10b,儿,ひとあし・にんにょう
党,10b,儿,ひとあし・にんにょう
入,11,入,いる
全,11,入,いる
内,11,入,いる
八,12a,八,はち
公,12a,八,はち
兼,12a,八,はち
六,12b,八,は
共,12b,八,は
兵,12b,八,は
具,12b,八,は
典,12b,八,は
円,13,冂,どうがまえ・けいがまえ・まきがまえ
冊,13,冂,どうがまえ・けいがまえ・まきがまえ
再,13,冂,どうがまえ・けいがまえ・まきがまえ
冗,14,冖,わかんむり・ひらかんむり
写,14,冖,わかんむり・ひらかんむり
冠,14,冖,わかんむり・ひらかんむり
冥,14,冖,わかんむり・ひらかんむり
冬,15,冫,にすい
冶,15,冫,にすい
冷,15,冫,にすい
凄,15,冫,にすい
准,15,冫,にすい
凍,15,冫,にすい
凝,15,冫,にすい
凡,16,几,つくえ
処,16,几,つくえ
凶,17,凵,うけばこ・かんがまえ
凸,17,凵,うけばこ・かんがまえ
凹,17,凵,うけばこ・かんがまえ
出,17,凵,うけばこ・かんがまえ
刀,18a,刀,かたな
刃,18a,刀,かたな
分,18a,刀,かたな
切,18a,刀,かたな
初,18a,刀,かたな
券,18a,刀,かたな
刈,18b,刂,りっとう
刊,18b,刂,りっとう
刑,18b,刂,りっとう
列,18b,刂,りっとう
判,18b,刂,りっとう
別,18b,刂,りっとう
利,18b,刂,りっとう
到,18b,刂,りっとう
制,18b,刂,りっとう
刷,18b,刂,りっとう
刹,18b,刂,りっとう
刺,18b,刂,りっとう
刻,18b,刂,りっとう
則,18b,刂,りっとう
削,18b,刂,りっとう
前,18b,刂,りっとう
剖,18b,刂,りっとう
剛,18b,刂,りっとう
剝,18b,刂,りっとう
剣,18b,刂,りっとう
剤,18b,刂,りっとう
副,18b,刂,りっとう
剰,18b,刂,りっとう
割,18b,刂,りっとう
創,18b,刂,りっとう
劇,18b,刂,りっとう
力,19,力,ちから
功,19,力,ちから
加,19,力,ちから
劣,19,力,ちから
助,19,力,ちから
努,19,力,ちから
励,19,力,ちから
労,19,力,ちから
効,19,力,ちから
劾,19,力,ちから
勃,19,力,ちから
勅,19,力,ちから
勇,19,力,ちから
勉,19,力,ちから
動,19,力,ちから
勘,19,力,ちから
務,19,力,ちから
勝,19,力,ちから
募,19,力,ちから
勢,19,力,ちから
勤,19,力,ちから
勧,19,力,ちから
勲,19,力,ちから
勾,20,勹,つつみがまえ
匂,20,勹,つつみがまえ
包,20,勹,つつみがまえ
化,21,匕,ひ
北,21,匕,ひ
匠,22,匚,はこがまえ
匹,23,匸,かくしがまえ
区,23,匸,かくしがまえ
医,23,匸,かくしがまえ
匿,23,匸,かくしがまえ
十,24,十,じゅう
千,24,十,じゅう
升,24,十,じゅう
午,24,十,じゅう
半,24,十,じゅう
卑,24,十,じゅう
卒,24,十,じゅう
卓,24,十,じゅう
協,24,十,じゅう
南,24,十,じゅう
博,24,十,じゅう
占,25,卜,ぼく・と・うらない
印,26a,卩,わりふ・ふしづくり
即,26a,卩,わりふ・ふしづくり
却,26a,卩,わりふ・ふしづくり
卵,26a,卩,わりふ・ふしづくり
卸,26a,卩,わりふ・ふしづくり
危,26b,卩,わりふ・ふしづくり
巻,26b,卩,わりふ・ふしづくり
厄,27,厂,がんだれ
厘,27,厂,がんだれ
厚,27,厂,がんだれ
原,27,厂,がんだれ
去,28,厶,む
参,28,厶,む
又,29,又,また
及,29,又,また
友,29,又,また
双,29,又,また
反,29,又,また
収,29,又,また
叔,29,又,また
取,29,又,また
受,29,又,また
叙,29,又,また
口,30a,口,くち
古,30a,口,くち
句,30a,口,くち
召,30a,口,くち
可,30a,口,くち
台,30a,口,くち
史,30a,口,くち
右,30a,口,くち
号,30a,口,くち
司,30a,口,くち
各,30a,口,くち
合,30a,口,くち
吉,30a,口,くち
同,30a,口,くち
名,30a,口,くち
后,30a,口,くち
吏,30a,口,くち
向,30a,口,くち
君,30a,口,くち
否,30a,口,くち
含,30a,口,くち
呂,30a,口,くち
呈,30a,口,くち
呉,30a,口,くち
告,30a,口,くち
周,30a,口,くち
命,30a,口,くち
和,30a,口,くち
哀,30a,口,くち
品,30a,口,くち
員,30a,口,くち
哲,30a,口,くち
唇,30a,口,くち
唐,30a,口,くち
商,30a,口,くち
問,30a,口,くち
啓,30a,口,くち
善,30a,口,くち
喜,30a,口,くち
喪,30a,口,くち
嗣,30a,口,くち
器,30a,口,くち
叫,30b,口,くちへん
吐,30b,口,くちへん
吟,30b,口,くちへん
吸,30b,口,くちへん
吹,30b,口,くちへん
呪,30b,口,くちへん
味,30b,口,くちへん
呼,30b,口,くちへん
咲,30b,口,くちへん
咽,30b,口,くちへん
哺,30b,口,くちへん
唄,30b,口,くちへん
唆,30b,口,くちへん
唯,30b,口,くちへん
唱,30b,口,くちへん
唾,30b,口,くちへん
喉,30b,口,くちへん
喚,30b,口,くちへん
喝,30b,口,くちへん
喩,30b,口,くちへん
喫,30b,口,くちへん
嗅,30b,口,くちへん
嘆,30b,口,くちへん
嘱,30b,口,くちへん
嘲,30b,口,くちへん
噴,30b,口,くちへん
嚇,30b,口,くちへん
叱,30b,口,くちへん
囚,31,囗,くにがまえ
四,31,囗,くにがまえ
回,31,囗,くにがまえ
因,31,囗,くにがまえ
団,31,囗,くにがまえ
困,31,囗,くにがまえ
囲,31,囗,くにがまえ
図,31,囗,くにがまえ
固,31,囗,くにがまえ
国,31,囗,くにがまえ
圏,31,囗,くにがまえ
園,31,囗,くにがまえ
土,32a,土,つち
圧,32a,土,つち
在,32a,土,つち
垂,32a,土,つち
型,32a,土,つち
執,32a,土,つち
基,32a,土,つち
堂,32a,土,つち
堅,32a,土,つち
堕,32a,土,つち
報,32a,土,つち
塁,32a,土,つち
塑,32a,土,つち
塗,32a,土,つち
塞,32a,土,つち
塾,32a,土,つち
墓,32a,土,つち
墜,32a,土,つち
墨,32a,土,つち
墾,32a,土,つち
壁,32a,土,つち
地,32b,土,つちへん
坂,32b,土,つちへん
均,32b,土,つちへん
坊,32b,土,つちへん
坑,32b,土,つちへん
坪,32b,土,つちへん
垣,32b,土,つちへん
埋,32b,土,つちへん
城,32b,土,つちへん
域,32b,土,つちへん
培,32b,土,つちへん
埼,32b,土,つちへん
堀,32b,土,つちへん
堆,32b,土,つちへん
堤,32b,土,つちへん
堪,32b,土,つちへん
場,32b,土,つちへん
塀,32b,土,つちへん
塊,32b,土,つちへん
塔,32b,土,つちへん
塚,32b,土,つちへん
塡,32b,土,つちへん
塩,32b,土,つちへん
境,32b,土,つちへん
増,32b,土,つちへん
墳,32b,土,つちへん
壇,32b,土,つちへん
壊,32b,土,つちへん
壌,32b,土,つちへん
士,33,士,さむらい
壮,33,士,さむらい
声,33,士,さむらい
壱,33,士,さむらい
売,33,士,さむらい
変,34b,夊,すいにょう
夏,34b,夊,すいにょう
夕,35,夕,た・ゆうべ
外,35,夕,た・ゆうべ
多,35,夕,た・ゆうべ
夜,35,夕,た・ゆうべ
夢,35,夕,た・ゆうべ
大,36,大,だい
天,36,大,だい
太,36,大,だい
夫,36,大,だい
央,36,大,だい
失,36,大,だい
奇,36,大,だい
奈,36,大,だい
奉,36,大,だい
奏,36,大,だい
契,36,大,だい
奔,36,大,だい
奥,36,大,だい
奨,36,大,だい
奪,36,大,だい
奮,36,大,だい
爽,36,大,だい
女,37a,女,おんな
妄,37a,女,おんな
妥,37a,女,おんな
妻,37a,女,おんな
委,37a,女,おんな
姿,37a,女,おんな
威,37a,女,おんな
婆,37a,女,おんな
奴,37b,女,おんなへん
好,37b,女,おんなへん
如,37b,女,おんなへん
妃,37b,女,おんなへん
妊,37b,女,おんなへん
妖,37b,女,おんなへん
妙,37b,女,おんなへん
妨,37b,女,おんなへん
妬,37b,女,おんなへん
妹,37b,女,おんなへん
姉,37b,女,おんなへん
始,37b,女,おんなへん
姓,37b,女,おんなへん
姫,37b,女,おんなへん
姻,37b,女,おんなへん
娘,37b,女,おんなへん
娠,37b,女,おんなへん
娯,37b,女,おんなへん
婚,37b,女,おんなへん
婦,37b,女,おんなへん
婿,37b,女,おんなへん
媒,37b,女,おんなへん
媛,37b,女,おんなへん
嫁,37b,女,おんなへん
嫉,37b,女,おんなへん
嫌,37b,女,おんなへん
嫡,37b,女,おんなへん
嬢,37b,女,おんなへん
子,38a,子,こ
字,38a,子,こ
存,38a,子,こ
孝,38a,子,こ
季,38a,子,こ
学,38a,子,こ
孔,38b,子,こへん
孤,38b,子,こへん
孫,38b,子,こへん
宅,39,宀,うかんむり
宇,39,宀,うかんむり
守,39,宀,うかんむり
安,39,宀,うかんむり
完,39,宀,うかんむり
宗,39,宀,うかんむり
官,39,宀,うかんむり
宙,39,宀,うかんむり
定,39,宀,うかんむり
宛,39,宀,うかんむり
宜,39,宀,うかんむり
宝,39,宀,うかんむり
実,39,宀,うかんむり
客,39,宀,うかんむり
宣,39,宀,うかんむり
室,39,宀,うかんむり
宮,39,宀,うかんむり
宰,39,宀,うかんむり
害,39,宀,うかんむり
宴,39,宀,うかんむり
宵,39,宀,うかんむり
家,39,宀,うかんむり
容,39,宀,うかんむり
宿,39,宀,うかんむり
寂,39,宀,うかんむり
寄,39,宀,うかんむり
密,39,宀,うかんむり
富,39,宀,うかんむり
寒,39,宀,うかんむり
寛,39,宀,うかんむり
寝,39,宀,うかんむり
察,39,宀,うかんむり
寡,39,宀,うかんむり
寧,39,宀,うかんむり
審,39,宀,うかんむり
寮,39,宀,うかんむり
寸,40,寸,すん
寺,40,寸,すん
対,40,寸,すん
寿,40,寸,すん
封,40,寸,すん
専,40,寸,すん
射,40,寸,すん
将,40,寸,すん
尉,40,寸,すん
尊,40,寸,すん
尋,40,寸,すん
導,40,寸,すん
小,41a,小,しょう
少,41a,小,しょう
尚,41b,小,しょう
当,41b,小,しょう
就,42,尢,だいのまげあし
尺,43,尸,かばね・しかばね
尻,43,尸,かばね・しかばね
尼,43,尸,かばね・しかばね
尽,43,尸,かばね・しかばね
尾,43,尸,かばね・しかばね
尿,43,尸,かばね・しかばね
局,43,尸,かばね・しかばね
居,43,尸,かばね・しかばね
屈,43,尸,かばね・しかばね
届,43,尸,かばね・しかばね
屋,43,尸,かばね・しかばね
展,43,尸,かばね・しかばね
属,43,尸,かばね・しかばね
層,43,尸,かばね・しかばね
履,43,尸,かばね・しかばね
屯,44,屮,てつ
山,45a,山,やま
岡,45a,山,やま
岩,45a,山,やま
岳,45a,山,やま
岸,45a,山,やま
島,45a,山,やま
崇,45a,山,やま
崖,45a,山,やま
崩,45a,山,やま
嵐,45a,山,やま
岐,45b,山,やまへん
岬,45b,山,やまへん
峠,45b,山,やまへん
峡,45b,山,やまへん
峰,45b,山,やまへん
崎,45b,山,やまへん
川,46a,川,かわ
州,46a,川,かわ
巡,46b,巛,まげかわ
工,47a,工,え・たくみ
左,47a,工,え・たくみ
巨,47a,工,え・たくみ
差,47a,工,え・たくみ
巧,47b,工,たくみへん
己,48,己,おのれ
巾,49a,巾,はば
市,49a,巾,はば
布,49a,巾,はば
希,49a,巾,はば
帝,49a,巾,はば
帥,49a,巾,はば
師,49a,巾,はば
席,49a,巾,はば
帯,49a,巾,はば
帰,49a,巾,はば
常,49a,巾,はば
幕,49a,巾,はば
幣,49a,巾,はば
帆,49b,巾,はばへん
帳,49b,巾,はばへん
帽,49b,巾,はばへん
幅,49b,巾,はばへん
干,50,干,かん・いちじゅう
平,50,干,かん・いちじゅう
年,50,干,かん・いちじゅう
幸,50,干,かん・いちじゅう
幹,50,干,かん・いちじゅう
幻,51,幺,よう・いとがしら
幼,51,幺,よう・いとがしら
幽,51,幺,よう・いとがしら
幾,51,幺,よう・いとがしら
庁,52,广,まだれ
広,52,广,まだれ
床,52,广,まだれ
序,52,广,まだれ
底,52,广,まだれ
店,52,广,まだれ
府,52,广,まだれ
度,52,广,まだれ
座,52,广,まだれ
庫,52,广,まだれ
庭,52,广,まだれ
庶,52,广,まだれ
康,52,广,まだれ
庸,52,广,まだれ
廃,52,广,まだれ
廉,52,广,まだれ
廊,52,广,まだれ
延,53,廴,えんにょう・いんにょう
廷,53,廴,えんにょう・いんにょう
建,53,廴,えんにょう・いんにょう
弁,54b,廾,こまぬき・にじゅうあし
弄,54b,廾,こまぬき・にじゅうあし
弊,54b,廾,こまぬき・にじゅうあし
式,55,弋,しきがまえ
弐,55,弋,しきがまえ
弓,56a,弓,ゆみ
弔,56a,弓,ゆみ
弟,56a,弓,ゆみ
弱,56a,弓,ゆみ
引,56b,弓,ゆみへん
弥,56b,弓,ゆみへん
弦,56b,弓,ゆみへん
弧,56b,弓,ゆみへん
張,56b,弓,ゆみへん
強,56b,弓,ゆみへん
弾,56b,弓,ゆみへん
彙,57b,彑,けいがしら
形,58,彡,さんづくり
彩,58,彡,さんづくり
彫,58,彡,さんづくり
彰,58,彡,さんづくり
影,58,彡,さんづくり
役,59,彳,ぎょうにんべん
彼,59,彳,ぎょうにんべん
往,59,彳,ぎょうにんべん
征,59,彳,ぎょうにんべん
径,59,彳,ぎょうにんべん
待,59,彳,ぎょうにんべん
律,59,彳,ぎょうにんべん
後,59,彳,ぎょうにんべん
徐,59,彳,ぎょうにんべん
徒,59,彳,ぎょうにんべん
従,59,彳,ぎょうにんべん
得,59,彳,ぎょうにんべん
御,59,彳,ぎょうにんべん
復,59,彳,ぎょうにんべん
循,59,彳,ぎょうにんべん
微,59,彳,ぎょうにんべん
徳,59,彳,ぎょうにんべん
徴,59,彳,ぎょうにんべん
徹,59,彳,ぎょうにんべん
単,60,ツ,つかんむり
厳,60,ツ,つかんむり
営,60,ツ,つかんむり
巣,60,ツ,つかんむり
心,61a,心,こころ
必,61a,心,こころ
忌,61a,心,こころ
忍,61a,心,こころ
志,61a,心,こころ
忘,61a,心,こころ
応,61a,心,こころ
忠,61a,心,こころ
念,61a,心,こころ
怒,61a,心,こころ
思,61a,心,こころ
怠,61a,心,こころ
急,61a,心,こころ
怨,61a,心,こころ
恋,61a,心,こころ
恐,61a,心,こころ
恣,61a,心,こころ
恥,61a,心,こころ
恩,61a,心,こころ
息,61a,心,こころ
恵,61a,心,こころ
悠,61a,心,こころ
患,61a,心,こころ
悪,61a,心,こころ
悲,61a,心,こころ
惑,61a,心,こころ
想,61a,心,こころ
愁,61a,心,こころ
意,61a,心,こころ
愚,61a,心,こころ
愛,61a,心,こころ
感,61a,心,こころ
慈,61a,心,こころ
態,61a,心,こころ
慮,61a,心,こころ
慰,61a,心,こころ
慶,61a,心,こころ
憂,61a,心,こころ
憩,61a,心,こころ
憲,61a,心,こころ
懇,61a,心,こころ
懲,61a,心,こころ
懸,61a,心,こころ
忙,61b,忄,りっしんべん
快,61b,忄,りっしんべん
怖,61b,忄,りっしんべん
性,61b,忄,りっしんべん
怪,61b,忄,りっしんべん
恒,61b,忄,りっしんべん
恨,61b,忄,りっしんべん
悔,61b,忄,りっしんべん
悟,61b,忄,りっしんべん
悦,61b,忄,りっしんべん
悩,61b,忄,りっしんべん
悼,61b,忄,りっしんべん
情,61b,忄,りっしんべん
惜,61b,忄,りっしんべん
惧,61b,忄,りっしんべん
惨,61b,忄,りっしんべん
惰,61b,忄,りっしんべん
愉,61b,忄,りっしんべん
慄,61b,忄,りっしんべん
慌,61b,忄,りっしんべん
慎,61b,忄,りっしんべん
慢,61b,忄,りっしんべん
慣,61b,忄,りっしんべん
慨,61b,忄,りっしんべん
憎,61b,忄,りっしんべん
憤,61b,忄,りっしんべん
憧,61b,忄,りっしんべん
憬,61b,忄,りっしんべん
憶,61b,忄,りっしんべん
憾,61b,忄,りっしんべん
懐,61b,忄,りっしんべん
恭,61c,㣺,したごころ
慕,61c,㣺,したごころ
成,62,戈,ほこ・ほこづくり・ほこがまえ
我,62,戈,ほこ・ほこづくり・ほこがまえ
戒,62,戈,ほこ・ほこづくり・ほこがまえ
戚,62,戈,ほこ・ほこづくり・ほこがまえ
戦,62,戈,ほこ・ほこづくり・ほこがまえ
戯,62,戈,ほこ・ほこづくり・ほこがまえ
戴,62,戈,ほこ・ほこづくり・ほこがまえ
戸,63b,戸,と
所,63b,戸,と
戻,63c,戸,とだれ・とかんむり
房,63c,戸,とだれ・とかんむり
扇,63c,戸,とだれ・とかんむり
扉,63c,戸,とだれ・とかんむり
手,64a,手,て
才,64a,手,て
承,64a,手,て
拳,64a,手,て
挙,64a,手,て
掌,64a,手,て
摩,64a,手,て
摯,64a,手,て
撃,64a,手,て
打,64b,扌,てへん
払,64b,扌,てへん
扱,64b,扌,てへん
扶,64b,扌,てへん
批,64b,扌,てへん
技,64b,扌,てへん
抄,64b,扌,てへん
把,64b,扌,てへん
抑,64b,扌,てへん
投,64b,扌,てへん
抗,64b,扌,てへん
折,64b,扌,てへん
抜,64b,扌,てへん
択,64b,扌,てへん
披,64b,扌,てへん
抱,64b,扌,てへん
抵,64b,扌,てへん
抹,64b,扌,てへん
押,64b,扌,てへん
抽,64b,扌,てへん
担,64b,扌,てへん
拉,64b,扌,てへん
拍,64b,扌,てへん
拐,64b,扌,てへん
拒,64b,扌,てへん
拓,64b,扌,てへん
拘,64b,扌,てへん
拙,64b,扌,てへん
招,64b,扌,てへん
拝,64b,扌,てへん
拠,64b,扌,てへん
拡,64b,扌,てへん
括,64b,扌,てへん
拭,64b,扌,てへん
拶,64b,扌,てへん
拷,64b,扌,てへん
拾,64b,扌,てへん
持,64b,扌,てへん
指,64b,扌,てへん
挑,64b,扌,てへん
挟,64b,扌,てへん
挨,64b,扌,てへん
挫,64b,扌,てへん
振,64b,扌,てへん
挿,64b,扌,てへん
捉,64b,扌,てへん
捕,64b,扌,てへん
捗,64b,扌,てへん
捜,64b,扌,てへん
捨,64b,扌,てへん
据,64b,扌,てへん
捻,64b,扌,てへん
掃,64b,扌,てへん
授,64b,扌,てへん
排,64b,扌,てへん
掘,64b,扌,てへん
掛,64b,扌,てへん
採,64b,扌,てへん
探,64b,扌,てへん
接,64b,扌,てへん
控,64b,扌,てへん
推,64b,扌,てへん
措,64b,扌,てへん
掲,64b,扌,てへん
描,64b,扌,てへん
提,64b,扌,てへん
揚,64b,扌,てへん
換,64b,扌,てへん
握,64b,扌,てへん
揮,64b,扌,てへん
援,64b,扌,てへん
揺,64b,扌,てへん
損,64b,扌,てへん
搬,64b,扌,てへん
搭,64b,扌,てへん
携,64b,扌,てへん
搾,64b,扌,てへん
摂,64b,扌,てへん
摘,64b,扌,てへん
撤,64b,扌,てへん
撮,64b,扌,てへん
撲,64b,扌,てへん
擁,64b,扌,てへん
操,64b,扌,てへん
擦,64b,扌,てへん
擬,64b,扌,てへん
支,65,支,し・えだにょう
改,66a,攵,のぶん
攻,66a,攵,のぶん
放,66a,攵,のぶん
政,66a,攵,のぶん
故,66a,攵,のぶん
敏,66a,攵,のぶん
救,66a,攵,のぶん
敗,66a,攵,のぶん
教,66a,攵,のぶん
敢,66a,攵,のぶん
散,66a,攵,のぶん
敬,66a,攵,のぶん
数,66a,攵,のぶん
整,66a,攵,のぶん
敵,66a,攵,のぶん
敷,66a,攵,のぶん
文,67,文,ぶん
斑,67,文,ぶん
斗,68,斗,とます
料,68,斗,とます
斜,68,斗,とます
斤,69a,斤,きん
斥,69a,斤,きん
斬,69b,斤,おのづくり
断,69b,斤,おのづくり
新,69b,斤,おのづくり
方,70a,方,ほう
施,70b,方,ほうへん・かたへん
旅,70b,方,ほうへん・かたへん
旋,70b,方,ほうへん・かたへん
族,70b,方,ほうへん・かたへん
旗,70b,方,ほうへん・かたへん
既,71b,旡,なし・ぶ・すでのつくり
日,72a,日,ひ
旦,72a,日,ひ
旧,72a,日,ひ
旨,72a,日,ひ
早,72a,日,ひ
旬,72a,日,ひ
昆,72a,日,ひ
昇,72a,日,ひ
易,72a,日,ひ
昔,72a,日,ひ
星,72a,日,ひ
春,72a,日,ひ
是,72a,日,ひ
昼,72a,日,ひ
普,72a,日,ひ
景,72a,日,ひ
晶,72a,日,ひ
暑,72a,日,ひ
暦,72a,日,ひ
暫,72a,日,ひ
暮,72a,日,ひ
暴,72a,日,ひ
曇,72a,日,ひ
旺,72b,日,ひへん
明,72b,月,ひへん
映,72b,火,ひへん
昧,72b,水,ひへん
昨,72b,木,ひへん
昭,72b,金,ひへん
時,72b,土,ひへん
晩,72b,日,ひへん
晴,72b,月,ひへん
暁,72b,火,ひへん
暇,72b,水,ひへん
暖,72b,木,ひへん
暗,72b,金,ひへん
曖,72b,土,ひへん
曜,72b,日,ひへん
冒,73,曰,ひらび・いわく
曲,73,曰,ひらび・いわく
更,73,曰,ひらび・いわく
書,73,曰,ひらび・いわく
曹,73,曰,ひらび・いわく
曽,73,曰,ひらび・いわく
替,73,曰,ひらび・いわく
最,73,曰,ひらび・いわく
月,74a,月,つき
有,74a,月,つき
朗,74a,月,つき
望,74a,月,つき
朝,74a,月,つき
期,74a,月,つき
服,74b,月,つきへん
朕,74b,月,つきへん
木,75a,木,き
未,75a,木,き
末,75a,木,き
本,75a,木,き
朱,75a,木,き
束,75a,木,き
条,75a,木,き
来,75a,木,き
東,75a,木,き
果,75a,木,き
架,75a,木,き
某,75a,木,き
染,75a,木,き
柔,75a,木,き
査,75a,木,き
栄,75a,木,き
栽,75a,木,き
案,75a,木,き
桑,75a,木,き
梨,75a,木,き
棄,75a,木,き
森,75a,木,き
業,75a,木,き
楽,75a,木,き
麓,75a,木,き
札,75b,木,きへん
朴,75b,木,きへん
机,75b,木,きへん
朽,75b,木,きへん
杉,75b,木,きへん
材,75b,木,きへん
村,75b,木,きへん
杯,75b,木,きへん
松,75b,木,きへん
板,75b,木,きへん
析,75b,木,きへん
枕,75b,木,きへん
林,75b,木,きへん
枚,75b,木,きへん
枝,75b,木,きへん
枠,75b,木,きへん
枢,75b,木,きへん
枯,75b,木,きへん
柄,75b,木,きへん
柱,75b,木,きへん
柳,75b,木,きへん
柵,75b,木,きへん
柿,75b,木,きへん
栃,75b,木,きへん
栓,75b,木,きへん
校,75b,木,きへん
株,75b,木,きへん
核,75b,木,きへん
根,75b,木,きへん
格,75b,木,きへん
桁,75b,木,きへん
桃,75b,木,きへん
桜,75b,木,きへん
桟,75b,木,きへん
梅,75b,木,きへん
梗,75b,木,きへん
械,75b,木,きへん
棋,75b,木,きへん
棒,75b,木,きへん
棚,75b,木,きへん
棟,75b,木,きへん
棺,75b,木,きへん
椅,75b,木,きへん
植,75b,木,きへん
椎,75b,木,きへん
検,75b,木,きへん
極,75b,木,きへん
楷,75b,木,きへん
楼,75b,木,きへん
概,75b,木,きへん
構,75b,木,きへん
様,75b,木,きへん
槽,75b,木,きへん
標,75b,木,きへん
模,75b,木,きへん
権,75b,木,きへん
横,75b,木,きへん
樹,75b,木,きへん
橋,75b,木,きへん
機,75b,木,きへん
欄,75b,木,きへん
欠,76,欠,あくび・かける
次,76,欠,あくび・かける
欧,76,欠,あくび・かける
欲,76,欠,あくび・かける
欺,76,欠,あくび・かける
款,76,欠,あくび・かける
歌,76,欠,あくび・かける
歓,76,欠,あくび・かける
止,77a,止,とめる
正,77a,止,とめる
武,77a,止,とめる
歩,77a,止,とめる
歳,77a,止,とめる
歴,77a,止,とめる
死,78b,歹,かばねへん・いちたへん・がつへん
殉,78b,歹,かばねへん・いちたへん・がつへん
殊,78b,歹,かばねへん・いちたへん・がつへん
残,78b,歹,かばねへん・いちたへん・がつへん
殖,78b,歹,かばねへん・いちたへん・がつへん
殴,79,殳,るまた・ほこづくり
段,79,殳,るまた・ほこづくり
殺,79,殳,るまた・ほこづくり
殻,79,殳,るまた・ほこづくり
殿,79,殳,るまた・ほこづくり
毀,79,殳,るまた・ほこづくり
母,80a,毋,なかれ・ははのかん
毎,80a,毋,なかれ・ははのかん
毒,80a,毋,なかれ・ははのかん
比,81,比,ならびひ・くらべる
毛,82,毛,け
氏,83,氏,うじ
民,83,氏,うじ
気,84,气,きがまえ
水,85a,水,みず
氷,85a,水,みず
永,85a,水,みず
求,85a,水,みず
泉,85a,水,みず
氾,85b,氵,さんずい
汁,85b,氵,さんずい
汎,85b,氵,さんずい
汗,85b,氵,さんずい
汚,85b,氵,さんずい
江,85b,氵,さんずい
池,85b,氵,さんずい
汰,85b,氵,さんずい
決,85b,氵,さんずい
汽,85b,氵,さんずい
沃,85b,氵,さんずい
沈,85b,氵,さんずい
沖,85b,氵,さんずい
沙,85b,氵,さんずい
没,85b,氵,さんずい
沢,85b,氵,さんずい
河,85b,氵,さんずい
沸,85b,氵,さんずい
油,85b,氵,さんずい
治,85b,氵,さんずい
沼,85b,氵,さんずい
沿,85b,氵,さんずい
況,85b,氵,さんずい
泊,85b,氵,さんずい
泌,85b,氵,さんずい
法,85b,氵,さんずい
泡,85b,氵,さんずい
波,85b,氵,さんずい
泣,85b,氵,さんずい
泥,85b,氵,さんずい
注,85b,氵,さんずい
泳,85b,氵,さんずい
洋,85b,氵,さんずい
洗,85b,氵,さんずい
洞,85b,氵,さんずい
津,85b,氵,さんずい
洪,85b,氵,さんずい
活,85b,氵,さんずい
派,85b,氵,さんずい
流,85b,氵,さんずい
浄,85b,氵,さんずい
浅,85b,氵,さんずい
浜,85b,氵,さんずい
浦,85b,氵,さんずい
浪,85b,氵,さんずい
浮,85b,氵,さんずい
浴,85b,氵,さんずい
海,85b,氵,さんずい
浸,85b,氵,さんずい
消,85b,氵,さんずい
涙,85b,氵,さんずい
涯,85b,氵,さんずい
液,85b,氵,さんずい
涼,85b,氵,さんずい
淑,85b,氵,さんずい
淡,85b,氵,さんずい
淫,85b,氵,さんずい
深,85b,氵,さんずい
混,85b,氵,さんずい
添,85b,氵,さんずい
清,85b,氵,さんずい
渇,85b,氵,さんずい
済,85b,氵,さんずい
渉,85b,氵,さんずい
渋,85b,氵,さんずい
渓,85b,氵,さんずい
減,85b,氵,さんずい
渡,85b,氵,さんずい
渦,85b,氵,さんずい
温,85b,氵,さんずい
測,85b,氵,さんずい
港,85b,氵,さんずい
湖,85b,氵,さんずい
湧,85b,氵,さんずい
湯,85b,氵,さんずい
湾,85b,氵,さんずい
湿,85b,氵,さんずい
満,85b,氵,さんずい
源,85b,氵,さんずい
準,85b,氵,さんずい
溝,85b,氵,さんずい
溶,85b,氵,さんずい
溺,85b,氵,さんずい
滅,85b,氵,さんずい
滋,85b,氵,さんずい
滑,85b,氵,さんずい
滝,85b,氵,さんずい
滞,85b,氵,さんずい
滴,85b,氵,さんずい
漁,85b,氵,さんずい
漂,85b,氵,さんずい
漆,85b,氵,さんずい
漏,85b,氵,さんずい
演,85b,氵,さんずい
漠,85b,氵,さんずい
漢,85b,氵,さんずい
漫,85b,氵,さんずい
漬,85b,氵,さんずい
漸,85b,氵,さんずい
潔,85b,氵,さんずい
潜,85b,氵,さんずい
潟,85b,氵,さんずい
潤,85b,氵,さんずい
潮,85b,氵,さんずい
潰,85b,氵,さんずい
澄,85b,氵,さんずい
激,85b,氵,さんずい
濁,85b,氵,さんずい
濃,85b,氵,さんずい
濫,85b,氵,さんずい
濯,85b,氵,さんずい
瀬,85b,氵,さんずい
泰,85c,氺,したみず
火,86a,火,ひ
灰,86a,火,ひ
災,86a,火,ひ
炎,86a,火,ひ
炭,86a,火,ひ
灯,86b,火,ひへん
炉,86b,火,ひへん
炊,86b,火,ひへん
焼,86b,火,ひへん
煙,86b,火,ひへん
煩,86b,火,ひへん
燃,86b,火,ひへん
燥,86b,火,ひへん
爆,86b,火,ひへん
点,86c,灬,れんが・れっか
為,86c,灬,れんが・れっか
烈,86c,灬,れんが・れっか
無,86c,灬,れんが・れっか
焦,86c,灬,れんが・れっか
然,86c,灬,れんが・れっか
煎,86c,灬,れんが・れっか
照,86c,灬,れんが・れっか
煮,86c,灬,れんが・れっか
熊,86c,灬,れんが・れっか
熟,86c,灬,れんが・れっか
熱,86c,灬,れんが・れっか
爪,87a,爪,つめ
爵,87c,爫,つめかんむり・つめがしら
父,88,父,ちち
片,91a,片,かた
版,91b,片,かたへん
牙,92,牙,きば
牛,93a,牛,うし
牧,93b,牜,うしへん
物,93b,牜,うしへん
牲,93b,牜,うしへん
特,93b,牜,うしへん
犠,93b,牜,うしへん
犬,94a,犬,いぬ
状,94a,犬,いぬ
献,94a,犬,いぬ
獣,94a,犬,いぬ
犯,94b,犭,けものへん
狂,94b,犭,けものへん
狙,94b,犭,けものへん
狩,94b,犭,けものへん
独,94b,犭,けものへん
狭,94b,犭,けものへん
猛,94b,犭,けものへん
猟,94b,犭,けものへん
猫,94b,犭,けものへん
猶,94b,犭,けものへん
猿,94b,犭,けものへん
獄,94b,犭,けものへん
獲,94b,犭,けものへん
玄,95,玄,げん
率,95,玄,げん
玉,96a,玉,たま
璧,96a,玉,たま
璽,96a,玉,たま
王,96b,王,おう
琴,96b,王,おう
玩,96c,王,おうへん・たまへん
珍,96c,王,おうへん・たまへん
珠,96c,王,おうへん・たまへん
班,96c,王,おうへん・たまへん
現,96c,王,おうへん・たまへん
球,96c,王,おうへん・たまへん
理,96c,王,おうへん・たまへん
瑠,96c,王,おうへん・たまへん
璃,96c,王,おうへん・たまへん
環,96c,王,おうへん・たまへん
瓦,98,瓦,かわら
瓶,98,瓦,かわら
甘,99,甘,かん・あまい
甚,99,甘,かん・あまい
生,100,生,うまれる
産,100,生,うまれる
用,101,用,もちいる
田,102a,田,た
由,102a,田,た
甲,102a,田,た
申,102a,田,た
男,102a,田,た
画,102a,田,た
界,102a,田,た
畏,102a,田,た
畑,102a,田,た
留,102a,田,た
畜,102a,田,た
畝,102a,田,た
番,102a,田,た
異,102a,田,た
畳,102a,田,た
畿,102a,田,た
町,102b,田,たへん
畔,102b,田,たへん
略,102b,田,たへん
疑,103a,疋,ひき
疎,103b,𤴔,ひきへん
疫,104,疒,やまいだれ
疲,104,疒,やまいだれ
疾,104,疒,やまいだれ
病,104,疒,やまいだれ
症,104,疒,やまいだれ
痕,104,疒,やまいだれ
痘,104,疒,やまいだれ
痛,104,疒,やまいだれ
痢,104,疒,やまいだれ
痩,104,疒,やまいだれ
痴,104,疒,やまいだれ
瘍,104,疒,やまいだれ
療,104,疒,やまいだれ
癒,104,疒,やまいだれ
癖,104,疒,やまいだれ
発,105,癶,はつがしら
登,105,癶,はつがしら
白,106,白,しろ
百,106,白,しろ
的,106,白,しろ
皆,106,白,しろ
皇,106,白,しろ
皮,107,皮,けがわ・ひのかわ
皿,108,皿,さら
盆,108,皿,さら
益,108,皿,さら
盗,108,皿,さら
盛,108,皿,さら
盟,108,皿,さら
監,108,皿,さら
盤,108,皿,さら
目,109a,目,め
盲,109a,目,め
直,109a,目,め
相,109a,目,め
盾,109a,目,め
省,109a,目,め
眉,109a,目,め
看,109a,目,め
県,109a,目,め
真,109a,目,め
督,109a,目,め
眠,109b,目,めへん
眺,109b,目,めへん
眼,109b,目,めへん
睡,109b,目,めへん
睦,109b,目,めへん
瞬,109b,目,めへん
瞭,109b,目,めへん
瞳,109b,目,めへん
矛,110,矛,ほこ
矢,111a,矢,や
知,111b,矢,やへん
短,111b,矢,やへん
矯,111b,矢,やへん
石,112a,石,いし
碁,112a,石,いし
磨,112a,石,いし
砂,112b,石,いしへん
研,112b,石,いしへん
砕,112b,石,いしへん
砲,112b,石,いしへん
破,112b,石,いしへん
硝,112b,石,いしへん
硫,112b,石,いしへん
硬,112b,石,いしへん
碑,112b,石,いしへん
確,112b,石,いしへん
磁,112b,石,いしへん
礁,112b,石,いしへん
礎,112b,石,いしへん
示,113a,示,しめす
票,113a,示,しめす
祭,113a,示,しめす
禁,113a,示,しめす
礼,113c,礻,しめすへん
社,113c,礻,しめすへん
祈,113c,礻,しめすへん
祉,113c,礻,しめすへん
祖,113c,礻,しめすへん
祝,113c,礻,しめすへん
神,113c,礻,しめすへん
祥,113c,礻,しめすへん
禅,113c,礻,しめすへん
禍,113c,礻,しめすへん
福,113c,礻,しめすへん
秀,115a,禾,のぎ
私,115b,禾,のぎへん
秋,115b,禾,のぎへん
科,115b,禾,のぎへん
秒,115b,禾,のぎへん
秘,115b,禾,のぎへん
租,115b,禾,のぎへん
秩,115b,禾,のぎへん
称,115b,禾,のぎへん
移,115b,禾,のぎへん
程,115b,禾,のぎへん
税,115b,禾,のぎへん
稚,115b,禾,のぎへん
種,115b,禾,のぎへん
稲,115b,禾,のぎへん
稼,115b,禾,のぎへん
稽,115b,禾,のぎへん
稿,115b,禾,のぎへん
穀,115b,禾,のぎへん
穂,115b,禾,のぎへん
積,115b,禾,のぎへん
穏,115b,禾,のぎへん
穫,115b,禾,のぎへん
穴,116a,穴,あな
究,116b,穴,あなかんむり
空,116b,穴,あなかんむり
突,116b,穴,あなかんむり
窃,116b,穴,あなかんむり
窒,116b,穴,あなかんむり
窓,116b,穴,あなかんむり
窟,116b,穴,あなかんむり
窮,116b,穴,あなかんむり
窯,116b,穴,あなかんむり
立,117a,立,たつ
章,117a,立,たつ
童,117a,立,たつ
競,117a,立,たつ
端,117b,立,たつへん
竹,118a,竹,たけ
笑,118b,竹,たけかんむり
笛,118b,竹,たけかんむり
符,118b,竹,たけかんむり
第,118b,竹,たけかんむり
筆,118b,竹,たけかんむり
等,118b,竹,たけかんむり
筋,118b,竹,たけかんむり
筒,118b,竹,たけかんむり
答,118b,竹,たけかんむり
策,118b,竹,たけかんむり
箇,118b,竹,たけかんむり
箋,118b,竹,たけかんむり
算,118b,竹,たけかんむり
管,118b,竹,たけかんむり
箱,118b,竹,たけかんむり
箸,118b,竹,たけかんむり
節,118b,竹,たけかんむり
範,118b,竹,たけかんむり
築,118b,竹,たけかんむり
篤,118b,竹,たけかんむり
簡,118b,竹,たけかんむり
簿,118b,竹,たけかんむり
籍,118b,竹,たけかんむり
籠,118b,竹,たけかんむり
米,119a,米,こめ
粉,119b,米,こめへん
粋,119b,米,こめへん
粒,119b,米,こめへん
粗,119b,米,こめへん
粘,119b,米,こめへん
粧,119b,米,こめへん
精,119b,米,こめへん
糖,119b,米,こめへん
糧,119b,米,こめへん
糸,120a,糸,いと
系,120a,糸,いと
素,120a,糸,いと
索,120a,糸,いと
紫,120a,糸,いと
累,120a,糸,いと
緊,120a,糸,いと
繁,120a,糸,いと
繭,120a,糸,いと
糾,120b,糸,いとへん
紀,120b,糸,いとへん
約,120b,糸,いとへん
紅,120b,糸,いとへん
紋,120b,糸,いとへん
納,120b,糸,いとへん
純,120b,糸,いとへん
紙,120b,糸,いとへん
級,120b,糸,いとへん
紛,120b,糸,いとへん
紡,120b,糸,いとへん
細,120b,糸,いとへん
紳,120b,糸,いとへん
紹,120b,糸,いとへん
紺,120b,糸,いとへん
終,120b,糸,いとへん
組,120b,糸,いとへん
経,120b,糸,いとへん
結,120b,糸,いとへん
絞,120b,糸,いとへん
絡,120b,糸,いとへん
給,120b,糸,いとへん
統,120b,糸,いとへん
絵,120b,糸,いとへん
絶,120b,糸,いとへん
絹,120b,糸,いとへん
継,120b,糸,いとへん
続,120b,糸,いとへん
維,120b,糸,いとへん
綱,120b,糸,いとへん
網,120b,糸,いとへん
綻,120b,糸,いとへん
綿,120b,糸,いとへん
総,120b,糸,いとへん
緑,120b,糸,いとへん
緒,120b,糸,いとへん
線,120b,糸,いとへん
締,120b,糸,いとへん
編,120b,糸,いとへん
緩,120b,糸,いとへん
緯,120b,糸,いとへん
練,120b,糸,いとへん
緻,120b,糸,いとへん
縁,120b,糸,いとへん
縄,120b,糸,いとへん
縛,120b,糸,いとへん
縦,120b,糸,いとへん
縫,120b,糸,いとへん
縮,120b,糸,いとへん
績,120b,糸,いとへん
繊,120b,糸,いとへん
織,120b,糸,いとへん
繕,120b,糸,いとへん
繰,120b,糸,いとへん
缶,121,缶,ほとぎ
罪,122b,罒,あみがしら・あみめ・よこめ
置,122b,罒,あみがしら・あみめ・よこめ
罰,122b,罒,あみがしら・あみめ・よこめ
署,122b,罒,あみがしら・あみめ・よこめ
罵,122b,罒,あみがしら・あみめ・よこめ
罷,122b,罒,あみがしら・あみめ・よこめ
羅,122b,罒,あみがしら・あみめ・よこめ
着,123a,羊,ひつじ
羊,123a,羊,ひつじ
美,123a,羊,ひつじ
羞,123a,羊,ひつじ
群,123a,羊,ひつじ
羨,123a,羊,ひつじ
義,123a,羊,ひつじ
羽,124b,羽,はね
翁,124b,羽,はね
翌,124b,羽,はね
習,124b,羽,はね
翻,124b,羽,はね
翼,124b,羽,はね
老,125b,老,おいかんむり・おいがしら
考,125b,老,おいかんむり・おいがしら
者,125b,老,おいかんむり・おいがしら
耐,126,而,しかして・しこうして
耕,127b,耒,すきへん・らいすき
耗,127b,耒,すきへん・らいすき
耳,128a,耳,みみ
聖,128a,耳,みみ
聞,128a,耳,みみ
聴,128b,耳,みみへん
職,128b,耳,みみへん
粛,129b,聿,ふでづくり
肉,130a,肉,にく
肖,130a,肉,にく
肩,130a,肉,にく
肯,130a,肉,にく
育,130a,肉,にく
胃,130a,肉,にく
背,130a,肉,にく
能,130a,肉,にく
脅,130a,肉,にく
脊,130a,肉,にく
腎,130a,肉,にく
腐,130a,肉,にく
膚,130a,肉,にく
肌,130b,月,にくづき
肘,130b,月,にくづき
肝,130b,月,にくづき
股,130b,月,にくづき
肢,130b,月,にくづき
肥,130b,月,にくづき
肪,130b,月,にくづき
肺,130b,月,にくづき
胆,130b,月,にくづき
胎,130b,月,にくづき
胞,130b,月,にくづき
胴,130b,月,にくづき
胸,130b,月,にくづき
脂,130b,月,にくづき
脇,130b,月,にくづき
脈,130b,月,にくづき
脚,130b,月,にくづき
脱,130b,月,にくづき
脳,130b,月,にくづき
腕,130b,月,にくづき
腫,130b,月,にくづき
腰,130b,月,にくづき
腸,130b,月,にくづき
腹,130b,月,にくづき
腺,130b,月,にくづき
膜,130b,月,にくづき
膝,130b,月,にくづき
膨,130b,月,にくづき
膳,130b,月,にくづき
臆,130b,月,にくづき
臓,130b,月,にくづき
臣,131b,臣,しん
臨,131b,臣,しん
自,132,自,みずから
臭,132,自,みずから
至,133,至,いたる
致,133,至,いたる
臼,134,臼,うす
興,134,臼,うす
舌,135,舌,した
舎,135,舌,した
舗,135,舌,した
舞,136c,舛,まいあし
舟,137a,舟,ふね
航,137b,舟,ふねへん
般,137b,舟,ふねへん
舶,137b,舟,ふねへん
舷,137b,舟,ふねへん
船,137b,舟,ふねへん
艇,137b,舟,ふねへん
艦,137b,舟,ふねへん
良,138,艮,ねづくり・こんづくり
色,139,色,いろ
艶,139,色,いろ
芋,140c,艹,くさかんむり・そうこう
芝,140c,艹,くさかんむり・そうこう
芯,140c,艹,くさかんむり・そうこう
花,140c,艹,くさかんむり・そうこう
芳,140c,艹,くさかんむり・そうこう
芸,140c,艹,くさかんむり・そうこう
芽,140c,艹,くさかんむり・そうこう
苗,140c,艹,くさかんむり・そうこう
苛,140c,艹,くさかんむり・そうこう
若,140c,艹,くさかんむり・そうこう
苦,140c,艹,くさかんむり・そうこう
英,140c,艹,くさかんむり・そうこう
茂,140c,艹,くさかんむり・そうこう
茎,140c,艹,くさかんむり・そうこう
茨,140c,艹,くさかんむり・そうこう
茶,140c,艹,くさかんむり・そうこう
草,140c,艹,くさかんむり・そうこう
荒,140c,艹,くさかんむり・そうこう
荘,140c,艹,くさかんむり・そうこう
荷,140c,艹,くさかんむり・そうこう
菊,140c,艹,くさかんむり・そうこう
菌,140c,艹,くさかんむり・そうこう
菓,140c,艹,くさかんむり・そうこう
菜,140c,艹,くさかんむり・そうこう
華,140c,艹,くさかんむり・そうこう
萎,140c,艹,くさかんむり・そうこう
落,140c,艹,くさかんむり・そうこう
葉,140c,艹,くさかんむり・そうこう
著,140c,艹,くさかんむり・そうこう
葛,140c,艹,くさかんむり・そうこう
葬,140c,艹,くさかんむり・そうこう
蒸,140c,艹,くさかんむり・そうこう
蓄,140c,艹,くさかんむり・そうこう
蓋,140c,艹,くさかんむり・そうこう
蔑,140c,艹,くさかんむり・そうこう
蔵,140c,艹,くさかんむり・そうこう
蔽,140c,艹,くさかんむり・そうこう
薄,140c,艹,くさかんむり・そうこう
薦,140c,艹,くさかんむり・そうこう
薪,140c,艹,くさかんむり・そうこう
薫,140c,艹,くさかんむり・そうこう
薬,140c,艹,くさかんむり・そうこう
藍,140c,艹,くさかんむり・そうこう
藤,140c,艹,くさかんむり・そうこう
藩,140c,艹,くさかんむり・そうこう
藻,140c,艹,くさかんむり・そうこう
虎,141b,虍,とらがしら・とらかんむり
虐,141b,虍,とらがしら・とらかんむり
虚,141b,虍,とらがしら・とらかんむり
虜,141b,虍,とらがしら・とらかんむり
虞,141b,虍,とらがしら・とらかんむり
虫,142a,虫,むし
蚕,142a,虫,むし
蛍,142a,虫,むし
蛮,142a,虫,むし
蜜,142a,虫,むし
融,142a,虫,むし
虹,142b,虫,むしへん
蚊,142b,虫,むしへん
蛇,142b,虫,むしへん
蜂,142b,虫,むしへん
血,143,血,ち
衆,143,血,ち
行,144a,行,ぎょう
術,144b,行,ぎょうがまえ・ゆきがまえ
街,144b,行,ぎょうがまえ・ゆきがまえ
衛,144b,行,ぎょうがまえ・ゆきがまえ
衝,144b,行,ぎょうがまえ・ゆきがまえ
衡,144b,行,ぎょうがまえ・ゆきがまえ
衣,145a,衣,ころも
表,145a,衣,ころも
衰,145a,衣,ころも
衷,145a,衣,ころも
袋,145a,衣,ころも
裁,145a,衣,ころも
裂,145a,衣,ころも
装,145a,衣,ころも
裏,145a,衣,ころも
製,145a,衣,ころも
褒,145a,衣,ころも
襲,145a,衣,ころも
袖,145b,衤,ころもへん
被,145b,衤,ころもへん
裕,145b,衤,ころもへん
補,145b,衤,ころもへん
裸,145b,衤,ころもへん
裾,145b,衤,ころもへん
複,145b,衤,ころもへん
褐,145b,衤,ころもへん
襟,145b,衤,ころもへん
西,146b,西,にし
要,146c,覀,おおいかんむり
覆,146c,覀,おおいかんむり
覇,146c,覀,おおいかんむり
見,147,見,みる
規,147,見,みる
視,147,見,みる
覚,147,見,みる
覧,147,見,みる
親,147,見,みる
観,147,見,みる
角,148a,角,かく・つの
解,148b,角,つのへん
触,148b,角,つのへん
言,149a,言,げん
誉,149a,言,げん
誓,149a,言,げん
謄,149a,言,げん
警,149a,言,げん
訂,149b,言,ごんべん
訃,149b,言,ごんべん
計,149b,言,ごんべん
討,149b,言,ごんべん
訓,149b,言,ごんべん
託,149b,言,ごんべん
記,149b,言,ごんべん
訟,149b,言,ごんべん
訪,149b,言,ごんべん
設,149b,言,ごんべん
許,149b,言,ごんべん
訳,149b,言,ごんべん
訴,149b,言,ごんべん
診,149b,言,ごんべん
証,149b,言,ごんべん
詐,149b,言,ごんべん
詔,149b,言,ごんべん
評,149b,言,ごんべん
詞,149b,言,ごんべん
詠,149b,言,ごんべん
詣,149b,言,ごんべん
試,149b,言,ごんべん
詩,149b,言,ごんべん
詮,149b,言,ごんべん
詰,149b,言,ごんべん
話,149b,言,ごんべん
該,149b,言,ごんべん
詳,149b,言,ごんべん
誇,149b,言,ごんべん
誌,149b,言,ごんべん
認,149b,言,ごんべん
誕,149b,言,ごんべん
誘,149b,言,ごんべん
語,149b,言,ごんべん
誠,149b,言,ごんべん
誤,149b,言,ごんべん
説,149b,言,ごんべん
読,149b,言,ごんべん
誰,149b,言,ごんべん
課,149b,言,ごんべん
調,149b,言,ごんべん
談,149b,言,ごんべん
請,149b,言,ごんべん
論,149b,言,ごんべん
諦,149b,言,ごんべん
諧,149b,言,ごんべん
諭,149b,言,ごんべん
諮,149b,言,ごんべん
諸,149b,言,ごんべん
諾,149b,言,ごんべん
謀,149b,言,ごんべん
謁,149b,言,ごんべん
謎,149b,言,ごんべん
謙,149b,言,ごんべん
講,149b,言,ごんべん
謝,149b,言,ごんべん
謡,149b,言,ごんべん
謹,149b,言,ごんべん
識,149b,言,ごんべん
譜,149b,言,ごんべん
議,149b,言,ごんべん
譲,149b,言,ごんべん
護,149b,言,ごんべん
谷,150,谷,たに
豆,151a,豆,まめ
豊,151a,豆,まめ
豚,152,豕,ぶた・いのこ
象,152,豕,ぶた・いのこ
豪,152,豕,ぶた・いのこ
貌,153b,豸,むじなへん
貝,154a,貝,かい・こがい
貞,154a,貝,かい・こがい
負,154a,貝,かい・こがい
貢,154a,貝,かい・こがい
貧,154a,貝,かい・こがい
貨,154a,貝,かい・こがい
貪,154a,貝,かい・こがい
貫,154a,貝,かい・こがい
責,154a,貝,かい・こがい
貴,154a,貝,かい・こがい
買,154a,貝,かい・こがい
貸,154a,貝,かい・こがい
費,154a,貝,かい・こがい
貿,154a,貝,かい・こがい
賀,154a,貝,かい・こがい
賃,154a,貝,かい・こがい
資,154a,貝,かい・こがい
賓,154a,貝,かい・こがい
賛,154a,貝,かい・こがい
賞,154a,貝,かい・こがい
賢,154a,貝,かい・こがい
質,154a,貝,かい・こがい
財,154b,貝,かいへん
販,154b,貝,かいへん
貯,154b,貝,かいへん
貼,154b,貝,かいへん
賂,154b,貝,かいへん
賄,154b,貝,かいへん
賊,154b,貝,かいへん
賜,154b,貝,かいへん
賠,154b,貝,かいへん
賦,154b,貝,かいへん
賭,154b,貝,かいへん
購,154b,貝,かいへん
贈,154b,貝,かいへん
赤,155,赤,あか
赦,155,赤,あか
走,156a,走,はしる
赴,156b,走,そうにょう
起,156b,走,そうにょう
超,156b,走,そうにょう
越,156b,走,そうにょう
趣,156b,走,そうにょう
足,157a,足,あし
距,157b,𧾷,あしへん
跡,157b,𧾷,あしへん
路,157b,𧾷,あしへん
跳,157b,𧾷,あしへん
践,157b,𧾷,あしへん
踊,157b,𧾷,あしへん
踏,157b,𧾷,あしへん
踪,157b,𧾷,あしへん
蹴,157b,𧾷,あしへん
躍,157b,𧾷,あしへん
身,158,身,み
車,159a,車,くるま
軍,159a,車,くるま
載,159a,車,くるま
輝,159a,車,くるま
輩,159a,車,くるま
軌,159b,車,くるまへん
軒,159b,車,くるまへん
軟,159b,車,くるまへん
転,159b,車,くるまへん
軸,159b,車,くるまへん
軽,159b,車,くるまへん
較,159b,車,くるまへん
輪,159b,車,くるまへん
輸,159b,車,くるまへん
轄,159b,車,くるまへん
辛,160,辛,からい
辞,160,辛,からい
辣,160,辛,からい
辱,161,辰,しんのたつ
農,161,辰,しんのたつ
遜,162b,辶,しんにょう・しんにゅう
遡,162b,辶,しんにょう・しんにゅう
辺,162c,辶,しんにょう・しんにゅう
込,162c,辶,しんにょう・しんにゅう
迅,162c,辶,しんにょう・しんにゅう
迎,162c,辶,しんにょう・しんにゅう
近,162c,辶,しんにょう・しんにゅう
返,162c,辶,しんにょう・しんにゅう
迫,162c,辶,しんにょう・しんにゅう
迭,162c,辶,しんにょう・しんにゅう
述,162c,辶,しんにょう・しんにゅう
迷,162c,辶,しんにょう・しんにゅう
追,162c,辶,しんにょう・しんにゅう
退,162c,辶,しんにょう・しんにゅう
送,162c,辶,しんにょう・しんにゅう
逃,162c,辶,しんにょう・しんにゅう
逆,162c,辶,しんにょう・しんにゅう
透,162c,辶,しんにょう・しんにゅう
逐,162c,辶,しんにょう・しんにゅう
逓,162c,辶,しんにょう・しんにゅう
途,162c,辶,しんにょう・しんにゅう
通,162c,辶,しんにょう・しんにゅう
逝,162c,辶,しんにょう・しんにゅう
速,162c,辶,しんにょう・しんにゅう
造,162c,辶,しんにょう・しんにゅう
連,162c,辶,しんにょう・しんにゅう
逮,162c,辶,しんにょう・しんにゅう
週,162c,辶,しんにょう・しんにゅう
進,162c,辶,しんにょう・しんにゅう
逸,162c,辶,しんにょう・しんにゅう
遂,162c,辶,しんにょう・しんにゅう
遅,162c,辶,しんにょう・しんにゅう
遇,162c,辶,しんにょう・しんにゅう
遊,162c,辶,しんにょう・しんにゅう
運,162c,辶,しんにょう・しんにゅう
遍,162c,辶,しんにょう・しんにゅう
過,162c,辶,しんにょう・しんにゅう
道,162c,辶,しんにょう・しんにゅう
達,162c,辶,しんにょう・しんにゅう
違,162c,辶,しんにょう・しんにゅう
遠,162c,辶,しんにょう・しんにゅう
遣,162c,辶,しんにょう・しんにゅう
適,162c,辶,しんにょう・しんにゅう
遭,162c,辶,しんにょう・しんにゅう
遮,162c,辶,しんにょう・しんにゅう
遵,162c,辶,しんにょう・しんにゅう
遷,162c,辶,しんにょう・しんにゅう
選,162c,辶,しんにょう・しんにゅう
遺,162c,辶,しんにょう・しんにゅう
避,162c,辶,しんにょう・しんにゅう
還,162c,辶,しんにょう・しんにゅう
那,163b,阝,おおざと
邦,163b,阝,おおざと
邪,163b,阝,おおざと
邸,163b,阝,おおざと
郊,163b,阝,おおざと
郎,163b,阝,おおざと
郡,163b,阝,おおざと
部,163b,阝,おおざと
郭,163b,阝,おおざと
郵,163b,阝,おおざと
郷,163b,阝,おおざと
都,163b,阝,おおざと
酒,164a,酉,ひよみのとり・こよみのとり
酌,164b,酉,とりへん
配,164b,酉,とりへん
酎,164b,酉,とりへん
酔,164b,酉,とりへん
酢,164b,酉,とりへん
酪,164b,酉,とりへん
酬,164b,酉,とりへん
酵,164b,酉,とりへん
酷,164b,酉,とりへん
酸,164b,酉,とりへん
醒,164b,酉,とりへん
醜,164b,酉,とりへん
醸,164b,酉,とりへん
采,165a,釆,のごめ
釈,165b,釆,のごめへん
里,166a,里,さと
重,166a,里,さと
量,166a,里,さと
野,166b,里,さとへん
金,167a,金,かね
釜,167a,金,かね
針,167b,金,かねへん
釣,167b,金,かねへん
鈍,167b,金,かねへん
鈴,167b,金,かねへん
鉄,167b,金,かねへん
鉛,167b,金,かねへん
鉢,167b,金,かねへん
鉱,167b,金,かねへん
銀,167b,金,かねへん
銃,167b,金,かねへん
銅,167b,金,かねへん
銘,167b,金,かねへん
銭,167b,金,かねへん
鋭,167b,金,かねへん
鋳,167b,金,かねへん
鋼,167b,金,かねへん
錠,167b,金,かねへん
錦,167b,金,かねへん
錬,167b,金,かねへん
錮,167b,金,かねへん
錯,167b,金,かねへん
録,167b,金,かねへん
鍋,167b,金,かねへん
鍛,167b,金,かねへん
鍵,167b,金,かねへん
鎌,167b,金,かねへん
鎖,167b,金,かねへん
鎮,167b,金,かねへん
鏡,167b,金,かねへん
鐘,167b,金,かねへん
鑑,167b,金,かねへん
長,168,長,ながい
門,169a,門,もん
閉,169b,門,もんがまえ
開,169b,門,もんがまえ
閑,169b,門,もんがまえ
間,169b,門,もんがまえ
関,169b,門,もんがまえ
閣,169b,門,もんがまえ
閥,169b,門,もんがまえ
閲,169b,門,もんがまえ
闇,169b,門,もんがまえ
闘,169b,門,もんがまえ
阜,170a,阜,おか
阪,170b,阝,こざとへん
防,170b,阝,こざとへん
阻,170b,阝,こざとへん
附,170b,阝,こざとへん
降,170b,阝,こざとへん
限,170b,阝,こざとへん
陛,170b,阝,こざとへん
院,170b,阝,こざとへん
陣,170b,阝,こざとへん
除,170b,阝,こざとへん
陥,170b,阝,こざとへん
陪,170b,阝,こざとへん
陰,170b,阝,こざとへん
陳,170b,阝,こざとへん
陵,170b,阝,こざとへん
陶,170b,阝,こざとへん
陸,170b,阝,こざとへん
険,170b,阝,こざとへん
陽,170b,阝,こざとへん
隅,170b,阝,こざとへん
隆,170b,阝,こざとへん
隊,170b,阝,こざとへん
階,170b,阝,こざとへん
随,170b,阝,こざとへん
隔,170b,阝,こざとへん
隙,170b,阝,こざとへん
際,170b,阝,こざとへん
障,170b,阝,こざとへん
隠,170b,阝,こざとへん
隣,170b,阝,こざとへん
隷,171b,隶,れいづくり
隻,172,隹,ふるとり
雄,172,隹,ふるとり
雅,172,隹,ふるとり
集,172,隹,ふるとり
雇,172,隹,ふるとり
雌,172,隹,ふるとり
雑,172,隹,ふるとり
離,172,隹,ふるとり
難,172,隹,ふるとり
雨,173a,雨,あめ
雪,173b,雨,あめかんむり・あまかんむり
雰,173b,雨,あめかんむり・あまかんむり
雲,173b,雨,あめかんむり・あまかんむり
零,173b,雨,あめかんむり・あまかんむり
雷,173b,雨,あめかんむり・あまかんむり
電,173b,雨,あめかんむり・あまかんむり
需,173b,雨,あめかんむり・あまかんむり
震,173b,雨,あめかんむり・あまかんむり
霊,173b,雨,あめかんむり・あまかんむり
霜,173b,雨,あめかんむり・あまかんむり
霧,173b,雨,あめかんむり・あまかんむり
露,173b,雨,あめかんむり・あまかんむり
青,174b,青,あお
静,174b,青,あお
非,175,非,あらず・ひ
面,176,面,めん
革,177a,革,かくのかわ・つくりがわ
靴,177b,革,かわへん
韓,178b,韋,なめしがわ
音,180,音,おと
韻,180,音,おと
響,180,音,おと
頂,181b,頁,おおがい
頃,181b,頁,おおがい
項,181b,頁,おおがい
順,181b,頁,おおがい
須,181b,頁,おおがい
預,181b,頁,おおがい
頑,181b,頁,おおがい
頒,181b,頁,おおがい
頓,181b,頁,おおがい
領,181b,頁,おおがい
頭,181b,頁,おおがい
頰,181b,頁,おおがい
頻,181b,頁,おおがい
頼,181b,頁,おおがい
題,181b,頁,おおがい
額,181b,頁,おおがい
顎,181b,頁,おおがい
顔,181b,頁,おおがい
顕,181b,頁,おおがい
願,181b,頁,おおがい
類,181b,頁,おおがい
顧,181b,頁,おおがい
風,182,風,かぜ
飛,183,飛,とぶ
食,184a,食,しょく
養,184a,食,しょく
餅,184b,𩙿,しょくへん
餌,184b,𩙿,しょくへん
飢,184c,飠,しょくへん
飯,184c,飠,しょくへん
飲,184c,飠,しょくへん
飼,184c,飠,しょくへん
飽,184c,飠,しょくへん
飾,184c,飠,しょくへん
餓,184c,飠,しょくへん
館,184c,飠,しょくへん
首,185,首,くび
香,186,香,か・かおり
馬,187a,馬,うま
騰,187a,馬,うま
驚,187a,馬,うま
駄,187b,馬,うまへん
駅,187b,馬,うまへん
駆,187b,馬,うまへん
駐,187b,馬,うまへん
駒,187b,馬,うまへん
騎,187b,馬,うまへん
騒,187b,馬,うまへん
験,187b,馬,うまへん
骨,188a,骨,ほね
骸,188b,骨,ほねへん
髄,188b,骨,ほねへん
高,189,高,たかい
髪,190b,髟,かみがしら・かみかんむり
鬱,192,鬯,ちょう
鬼,194a,鬼,おに
魂,194a,鬼,おに
魔,194a,鬼,おに
魅,194b,鬼,きにょう
魚,195a,魚,うお
鮮,195b,魚,うおへん
鯨,195b,魚,うおへん
鳥,196,鳥,とり
鳴,196,鳥,とり
鶏,196,鳥,とり
鶴,196,鳥,とり
鹿,198,鹿,しか
麗,198,鹿,しか
麦,199c,麦,むぎ
麺,199d,麦,ばくにょう
麻,200b,麻,あさ
黄,201b,黄,き
黒,203b,黒,くろ
黙,203b,黒,くろ
鼓,207,鼓,つづみ
鼻,209b,鼻,はな
斉,210b,斉,せい
斎,210b,斉,せい
歯,211b,歯,は
齢,211c,歯,はへん
竜,212b,竜,りゅう
亀,213b,亀,かめ
