識別番号,漢字,種類,異体字(表に含む),漢検級
1,亜,1. 常用漢字の通用字体,亞,準2級
2,哀,1. 常用漢字の通用字体,,3級
3,挨,1. 常用漢字の通用字体,,2級
4,愛,1. 常用漢字の通用字体,,7級
5,曖,1. 常用漢字の通用字体,,2級
6,悪,1. 常用漢字の通用字体,惡,8級
7,握,1. 常用漢字の通用字体,,4級
8,圧,1. 常用漢字の通用字体,,6級
9,扱,1. 常用漢字の通用字体,,4級
10,宛,1. 常用漢字の通用字体,,2級
11,嵐,1. 常用漢字の通用字体,,2級
12,安,1. 常用漢字の通用字体,,8級
13,案,1. 常用漢字の通用字体,,7級
14,暗,1. 常用漢字の通用字体,,8級
15,以,1. 常用漢字の通用字体,,7級
16,衣,1. 常用漢字の通用字体,,7級
17,位,1. 常用漢字の通用字体,,7級
18,囲,1. 常用漢字の通用字体,,6級
19,医,1. 常用漢字の通用字体,,8級
20,依,1. 常用漢字の通用字体,,4級
21,委,1. 常用漢字の通用字体,,8級
22,威,1. 常用漢字の通用字体,,4級
23,為,1. 常用漢字の通用字体,爲,4級
24,畏,1. 常用漢字の通用字体,,2級
25,胃,1. 常用漢字の通用字体,,5級
26,尉,1. 常用漢字の通用字体,,準2級
27,異,1. 常用漢字の通用字体,,5級
28,移,1. 常用漢字の通用字体,,6級
29,萎,1. 常用漢字の通用字体,,2級
30,偉,1. 常用漢字の通用字体,,4級
31,椅,1. 常用漢字の通用字体,,2級
32,彙,1. 常用漢字の通用字体,,2級
33,意,1. 常用漢字の通用字体,,8級
34,違,1. 常用漢字の通用字体,,4級
35,維,1. 常用漢字の通用字体,,4級
36,慰,1. 常用漢字の通用字体,,3級
37,遺,1. 常用漢字の通用字体,,5級
38,緯,1. 常用漢字の通用字体,,4級
39,域,1. 常用漢字の通用字体,,5級
40,育,1. 常用漢字の通用字体,,8級
41,一,1. 常用漢字の通用字体,,10級
42,壱,1. 常用漢字の通用字体,,4級
43,逸,1. 常用漢字の通用字体,逸,準2級
44,茨,1. 常用漢字の通用字体,,7級
45,芋,1. 常用漢字の通用字体,,4級
46,引,1. 常用漢字の通用字体,,9級
47,印,1. 常用漢字の通用字体,,7級
48,因,1. 常用漢字の通用字体,,6級
49,咽,1. 常用漢字の通用字体,,2級
50,姻,1. 常用漢字の通用字体,,準2級
51,員,1. 常用漢字の通用字体,,8級
52,院,1. 常用漢字の通用字体,,8級
53,淫,1. 常用漢字の通用字体,,2級
54,陰,1. 常用漢字の通用字体,,4級
55,飲,1. 常用漢字の通用字体,,8級
56,隠,1. 常用漢字の通用字体,,4級
57,韻,1. 常用漢字の通用字体,,準2級
58,右,1. 常用漢字の通用字体,,10級
59,宇,1. 常用漢字の通用字体,,5級
60,羽,1. 常用漢字の通用字体,,9級
61,雨,1. 常用漢字の通用字体,,10級
62,唄,1. 常用漢字の通用字体,,2級
63,鬱,1. 常用漢字の通用字体,,2級
64,畝,1. 常用漢字の通用字体,,準2級
65,浦,1. 常用漢字の通用字体,,準2級
66,運,1. 常用漢字の通用字体,,8級
67,雲,1. 常用漢字の通用字体,,9級
68,永,1. 常用漢字の通用字体,,6級
69,泳,1. 常用漢字の通用字体,,8級
70,英,1. 常用漢字の通用字体,,7級
71,映,1. 常用漢字の通用字体,,5級
72,栄,1. 常用漢字の通用字体,榮,7級
73,営,1. 常用漢字の通用字体,,6級
74,詠,1. 常用漢字の通用字体,,3級
75,影,1. 常用漢字の通用字体,,4級
76,鋭,1. 常用漢字の通用字体,,4級
77,衛,1. 常用漢字の通用字体,衞,6級
78,易,1. 常用漢字の通用字体,,6級
79,疫,1. 常用漢字の通用字体,,準2級
80,益,1. 常用漢字の通用字体,,6級
81,液,1. 常用漢字の通用字体,,6級
82,駅,1. 常用漢字の通用字体,,8級
83,悦,1. 常用漢字の通用字体,,3級
84,越,1. 常用漢字の通用字体,,4級
85,謁,1. 常用漢字の通用字体,謁,準2級
86,閲,1. 常用漢字の通用字体,,3級
87,円,1. 常用漢字の通用字体,圓,10級
88,延,1. 常用漢字の通用字体,,5級
89,沿,1. 常用漢字の通用字体,,5級
90,炎,1. 常用漢字の通用字体,,3級
91,怨,1. 常用漢字の通用字体,,2級
92,宴,1. 常用漢字の通用字体,,3級
93,媛,1. 常用漢字の通用字体,,7級
94,援,1. 常用漢字の通用字体,,4級
95,園,1. 常用漢字の通用字体,薗,9級
96,煙,1. 常用漢字の通用字体,,4級
97,猿,1. 常用漢字の通用字体,,準2級
98,遠,1. 常用漢字の通用字体,,9級
99,鉛,1. 常用漢字の通用字体,,4級
100,塩,1. 常用漢字の通用字体,,7級
101,演,1. 常用漢字の通用字体,,6級
102,縁,1. 常用漢字の通用字体,緣,4級
103,艶,1. 常用漢字の通用字体,,2級
104,汚,1. 常用漢字の通用字体,,4級
105,王,1. 常用漢字の通用字体,,10級
106,凹,1. 常用漢字の通用字体,,準2級
107,央,1. 常用漢字の通用字体,,8級
108,応,1. 常用漢字の通用字体,應,6級
109,往,1. 常用漢字の通用字体,,6級
110,押,1. 常用漢字の通用字体,,4級
111,旺,1. 常用漢字の通用字体,,2級
112,欧,1. 常用漢字の通用字体,,3級
113,殴,1. 常用漢字の通用字体,,3級
114,桜,1. 常用漢字の通用字体,櫻,6級
115,翁,1. 常用漢字の通用字体,,準2級
116,奥,1. 常用漢字の通用字体,奧,4級
117,横,1. 常用漢字の通用字体,橫,8級
118,岡,1. 常用漢字の通用字体,,7級
119,屋,1. 常用漢字の通用字体,,8級
120,億,1. 常用漢字の通用字体,,7級
121,憶,1. 常用漢字の通用字体,,4級
122,臆,1. 常用漢字の通用字体,,2級
123,虞,1. 常用漢字の通用字体,,準2級
124,乙,1. 常用漢字の通用字体,,3級
125,俺,1. 常用漢字の通用字体,,2級
126,卸,1. 常用漢字の通用字体,,3級
127,音,1. 常用漢字の通用字体,,10級
128,恩,1. 常用漢字の通用字体,,5級
129,温,1. 常用漢字の通用字体,溫,8級
130,穏,1. 常用漢字の通用字体,,3級
131,下,1. 常用漢字の通用字体,,10級
132,化,1. 常用漢字の通用字体,,8級
133,火,1. 常用漢字の通用字体,,10級
134,加,1. 常用漢字の通用字体,,7級
135,可,1. 常用漢字の通用字体,,6級
136,仮,1. 常用漢字の通用字体,,6級
137,何,1. 常用漢字の通用字体,,9級
138,花,1. 常用漢字の通用字体,,10級
139,佳,1. 常用漢字の通用字体,,3級
140,価,1. 常用漢字の通用字体,價,6級
141,果,1. 常用漢字の通用字体,,7級
142,河,1. 常用漢字の通用字体,,6級
143,苛,1. 常用漢字の通用字体,,2級
144,科,1. 常用漢字の通用字体,,9級
145,架,1. 常用漢字の通用字体,,3級
146,夏,1. 常用漢字の通用字体,,9級
147,家,1. 常用漢字の通用字体,,9級
148,荷,1. 常用漢字の通用字体,,8級
149,華,1. 常用漢字の通用字体,,3級
150,菓,1. 常用漢字の通用字体,,4級
151,貨,1. 常用漢字の通用字体,,7級
152,渦,1. 常用漢字の通用字体,,準2級
153,過,1. 常用漢字の通用字体,,6級
154,嫁,1. 常用漢字の通用字体,,3級
155,暇,1. 常用漢字の通用字体,,4級
156,禍,1. 常用漢字の通用字体,禍,準2級
157,靴,1. 常用漢字の通用字体,,準2級
158,寡,1. 常用漢字の通用字体,,準2級
159,歌,1. 常用漢字の通用字体,,9級
160,箇,1. 常用漢字の通用字体,,4級
161,稼,1. 常用漢字の通用字体,,準2級
162,課,1. 常用漢字の通用字体,,7級
163,蚊,1. 常用漢字の通用字体,,準2級
164,牙,1. 常用漢字の通用字体,,2級
165,瓦,1. 常用漢字の通用字体,,2級
166,我,1. 常用漢字の通用字体,,5級
167,画,1. 常用漢字の通用字体,,9級
168,芽,1. 常用漢字の通用字体,,7級
169,賀,1. 常用漢字の通用字体,,7級
170,雅,1. 常用漢字の通用字体,,4級
171,餓,1. 常用漢字の通用字体,,3級
172,介,1. 常用漢字の通用字体,,4級
173,回,1. 常用漢字の通用字体,,9級
174,灰,1. 常用漢字の通用字体,,5級
175,会,1. 常用漢字の通用字体,,9級
176,快,1. 常用漢字の通用字体,,6級
177,戒,1. 常用漢字の通用字体,,4級
178,改,1. 常用漢字の通用字体,,7級
179,怪,1. 常用漢字の通用字体,,3級
180,拐,1. 常用漢字の通用字体,,準2級
181,悔,1. 常用漢字の通用字体,悔,3級
182,海,1. 常用漢字の通用字体,海,9級
183,界,1. 常用漢字の通用字体,,8級
184,皆,1. 常用漢字の通用字体,,4級
185,械,1. 常用漢字の通用字体,,7級
186,絵,1. 常用漢字の通用字体,,9級
187,開,1. 常用漢字の通用字体,,8級
188,階,1. 常用漢字の通用字体,,8級
189,塊,1. 常用漢字の通用字体,,3級
190,楷,1. 常用漢字の通用字体,,2級
191,解,1. 常用漢字の通用字体,,6級
192,潰,1. 常用漢字の通用字体,,2級
193,壊,1. 常用漢字の通用字体,壞,4級
194,懐,1. 常用漢字の通用字体,懷,準2級
195,諧,1. 常用漢字の通用字体,,2級
196,貝,1. 常用漢字の通用字体,,10級
197,外,1. 常用漢字の通用字体,,9級
198,劾,1. 常用漢字の通用字体,,準2級
199,害,1. 常用漢字の通用字体,,7級
200,崖,1. 常用漢字の通用字体,,2級
201,涯,1. 常用漢字の通用字体,,準2級
202,街,1. 常用漢字の通用字体,,7級
203,慨,1. 常用漢字の通用字体,,3級
204,蓋,1. 常用漢字の通用字体,,2級
205,該,1. 常用漢字の通用字体,,3級
206,概,1. 常用漢字の通用字体,,3級
207,骸,1. 常用漢字の通用字体,,2級
208,垣,1. 常用漢字の通用字体,,準2級
209,柿,1. 常用漢字の通用字体,,2級
210,各,1. 常用漢字の通用字体,,7級
211,角,1. 常用漢字の通用字体,,9級
212,拡,1. 常用漢字の通用字体,,5級
213,革,1. 常用漢字の通用字体,,5級
214,格,1. 常用漢字の通用字体,,6級
215,核,1. 常用漢字の通用字体,,準2級
216,殻,1. 常用漢字の通用字体,,準2級
217,郭,1. 常用漢字の通用字体,,3級
218,覚,1. 常用漢字の通用字体,,7級
219,較,1. 常用漢字の通用字体,,4級
220,隔,1. 常用漢字の通用字体,,3級
221,閣,1. 常用漢字の通用字体,,5級
222,確,1. 常用漢字の通用字体,,6級
223,獲,1. 常用漢字の通用字体,,4級
224,嚇,1. 常用漢字の通用字体,,準2級
225,穫,1. 常用漢字の通用字体,,3級
226,学,1. 常用漢字の通用字体,,10級
227,岳,1. 常用漢字の通用字体,,3級
228,楽,1. 常用漢字の通用字体,樂,9級
229,額,1. 常用漢字の通用字体,,6級
230,顎,1. 常用漢字の通用字体,,2級
231,掛,1. 常用漢字の通用字体,,3級
232,潟,1. 常用漢字の通用字体,,7級
233,括,1. 常用漢字の通用字体,,準2級
234,活,1. 常用漢字の通用字体,,9級
235,喝,1. 常用漢字の通用字体,,準2級
236,渇,1. 常用漢字の通用字体,渴,準2級
237,割,1. 常用漢字の通用字体,,5級
238,葛,1. 常用漢字の通用字体,,2級
239,滑,1. 常用漢字の通用字体,,3級
240,褐,1. 常用漢字の通用字体,,準2級
241,轄,1. 常用漢字の通用字体,,準2級
242,且,1. 常用漢字の通用字体,,準2級
243,株,1. 常用漢字の通用字体,,5級
244,釜,1. 常用漢字の通用字体,,2級
245,鎌,1. 常用漢字の通用字体,,2級
246,刈,1. 常用漢字の通用字体,,4級
247,干,1. 常用漢字の通用字体,,5級
248,刊,1. 常用漢字の通用字体,,6級
249,甘,1. 常用漢字の通用字体,,4級
250,汗,1. 常用漢字の通用字体,,4級
251,缶,1. 常用漢字の通用字体,,準2級
252,完,1. 常用漢字の通用字体,,7級
253,肝,1. 常用漢字の通用字体,,3級
254,官,1. 常用漢字の通用字体,,7級
255,冠,1. 常用漢字の通用字体,,3級
256,巻,1. 常用漢字の通用字体,卷,5級
257,看,1. 常用漢字の通用字体,,5級
258,陥,1. 常用漢字の通用字体,陷,準2級
259,乾,1. 常用漢字の通用字体,,4級
260,勘,1. 常用漢字の通用字体,,3級
261,患,1. 常用漢字の通用字体,,準2級
262,貫,1. 常用漢字の通用字体,,3級
263,寒,1. 常用漢字の通用字体,,8級
264,喚,1. 常用漢字の通用字体,,3級
265,堪,1. 常用漢字の通用字体,,準2級
266,換,1. 常用漢字の通用字体,,3級
267,敢,1. 常用漢字の通用字体,,3級
268,棺,1. 常用漢字の通用字体,,準2級
269,款,1. 常用漢字の通用字体,,準2級
270,間,1. 常用漢字の通用字体,,9級
271,閑,1. 常用漢字の通用字体,,準2級
272,勧,1. 常用漢字の通用字体,,4級
273,寛,1. 常用漢字の通用字体,寬,準2級
274,幹,1. 常用漢字の通用字体,,6級
275,感,1. 常用漢字の通用字体,,8級
276,漢,1. 常用漢字の通用字体,漢,8級
277,慣,1. 常用漢字の通用字体,,6級
278,管,1. 常用漢字の通用字体,,7級
279,関,1. 常用漢字の通用字体,,7級
280,歓,1. 常用漢字の通用字体,,4級
281,監,1. 常用漢字の通用字体,,4級
282,緩,1. 常用漢字の通用字体,,3級
283,憾,1. 常用漢字の通用字体,,準2級
284,還,1. 常用漢字の通用字体,,準2級
285,館,1. 常用漢字の通用字体,,8級
286,環,1. 常用漢字の通用字体,,4級
287,簡,1. 常用漢字の通用字体,,5級
288,観,1. 常用漢字の通用字体,,7級
289,韓,1. 常用漢字の通用字体,,2級
290,艦,1. 常用漢字の通用字体,,準2級
291,鑑,1. 常用漢字の通用字体,,4級
292,丸,1. 常用漢字の通用字体,,9級
293,含,1. 常用漢字の通用字体,,4級
294,岸,1. 常用漢字の通用字体,,8級
295,岩,1. 常用漢字の通用字体,,9級
296,玩,1. 常用漢字の通用字体,,2級
297,眼,1. 常用漢字の通用字体,,6級
298,頑,1. 常用漢字の通用字体,,準2級
299,顔,1. 常用漢字の通用字体,,9級
300,願,1. 常用漢字の通用字体,,7級
301,企,1. 常用漢字の通用字体,,3級
302,伎,1. 常用漢字の通用字体,,2級
303,危,1. 常用漢字の通用字体,,5級
304,机,1. 常用漢字の通用字体,,5級
305,気,1. 常用漢字の通用字体,氣,10級
306,岐,1. 常用漢字の通用字体,,7級
307,希,1. 常用漢字の通用字体,,7級
308,忌,1. 常用漢字の通用字体,,3級
309,汽,1. 常用漢字の通用字体,,9級
310,奇,1. 常用漢字の通用字体,,4級
311,祈,1. 常用漢字の通用字体,祈,4級
312,季,1. 常用漢字の通用字体,,7級
313,紀,1. 常用漢字の通用字体,,6級
314,軌,1. 常用漢字の通用字体,,3級
315,既,1. 常用漢字の通用字体,,3級
316,記,1. 常用漢字の通用字体,,9級
317,起,1. 常用漢字の通用字体,,8級
318,飢,1. 常用漢字の通用字体,,準2級
319,鬼,1. 常用漢字の通用字体,,4級
320,帰,1. 常用漢字の通用字体,,9級
321,基,1. 常用漢字の通用字体,,6級
322,寄,1. 常用漢字の通用字体,,6級
323,規,1. 常用漢字の通用字体,,6級
324,亀,1. 常用漢字の通用字体,,2級
325,喜,1. 常用漢字の通用字体,,6級
326,幾,1. 常用漢字の通用字体,,4級
327,揮,1. 常用漢字の通用字体,,5級
328,期,1. 常用漢字の通用字体,,8級
329,棋,1. 常用漢字の通用字体,,3級
330,貴,1. 常用漢字の通用字体,,5級
331,棄,1. 常用漢字の通用字体,,3級
332,毀,1. 常用漢字の通用字体,,2級
333,旗,1. 常用漢字の通用字体,,7級
334,器,1. 常用漢字の通用字体,器,7級
335,畿,1. 常用漢字の通用字体,,2級
336,輝,1. 常用漢字の通用字体,,4級
337,機,1. 常用漢字の通用字体,,7級
338,騎,1. 常用漢字の通用字体,,3級
339,技,1. 常用漢字の通用字体,,6級
340,宜,1. 常用漢字の通用字体,,準2級
341,偽,1. 常用漢字の通用字体,僞,準2級
342,欺,1. 常用漢字の通用字体,,3級
343,義,1. 常用漢字の通用字体,,6級
344,疑,1. 常用漢字の通用字体,,5級
345,儀,1. 常用漢字の通用字体,,4級
346,戯,1. 常用漢字の通用字体,戲,4級
347,擬,1. 常用漢字の通用字体,,準2級
348,犠,1. 常用漢字の通用字体,,3級
349,議,1. 常用漢字の通用字体,,7級
350,菊,1. 常用漢字の通用字体,,3級
351,吉,1. 常用漢字の通用字体,,3級
352,喫,1. 常用漢字の通用字体,,3級
353,詰,1. 常用漢字の通用字体,,4級
354,却,1. 常用漢字の通用字体,,4級
355,客,1. 常用漢字の通用字体,,8級
356,脚,1. 常用漢字の通用字体,,4級
357,逆,1. 常用漢字の通用字体,,6級
358,虐,1. 常用漢字の通用字体,,3級
359,九,1. 常用漢字の通用字体,,10級
360,久,1. 常用漢字の通用字体,,6級
361,及,1. 常用漢字の通用字体,,4級
362,弓,1. 常用漢字の通用字体,,9級
363,丘,1. 常用漢字の通用字体,,4級
364,旧,1. 常用漢字の通用字体,,6級
365,休,1. 常用漢字の通用字体,,10級
366,吸,1. 常用漢字の通用字体,,5級
367,朽,1. 常用漢字の通用字体,,4級
368,臼,1. 常用漢字の通用字体,,2級
369,求,1. 常用漢字の通用字体,,7級
370,究,1. 常用漢字の通用字体,,8級
371,泣,1. 常用漢字の通用字体,,7級
372,急,1. 常用漢字の通用字体,,8級
373,級,1. 常用漢字の通用字体,,8級
374,糾,1. 常用漢字の通用字体,,準2級
375,宮,1. 常用漢字の通用字体,,8級
376,救,1. 常用漢字の通用字体,,6級
377,球,1. 常用漢字の通用字体,,8級
378,給,1. 常用漢字の通用字体,,7級
379,嗅,1. 常用漢字の通用字体,,2級
380,窮,1. 常用漢字の通用字体,,準2級
381,牛,1. 常用漢字の通用字体,,9級
382,去,1. 常用漢字の通用字体,,8級
383,巨,1. 常用漢字の通用字体,,4級
384,居,1. 常用漢字の通用字体,,6級
385,拒,1. 常用漢字の通用字体,,準2級
386,拠,1. 常用漢字の通用字体,,4級
387,挙,1. 常用漢字の通用字体,,7級
388,虚,1. 常用漢字の通用字体,虛,3級
389,許,1. 常用漢字の通用字体,,6級
390,距,1. 常用漢字の通用字体,,4級
391,魚,1. 常用漢字の通用字体,,9級
392,御,1. 常用漢字の通用字体,,4級
393,漁,1. 常用漢字の通用字体,,7級
394,凶,1. 常用漢字の通用字体,,4級
395,共,1. 常用漢字の通用字体,,7級
396,叫,1. 常用漢字の通用字体,,4級
397,狂,1. 常用漢字の通用字体,,4級
398,京,1. 常用漢字の通用字体,,9級
399,享,1. 常用漢字の通用字体,,準2級
400,供,1. 常用漢字の通用字体,,5級
401,協,1. 常用漢字の通用字体,,7級
402,況,1. 常用漢字の通用字体,,4級
403,峡,1. 常用漢字の通用字体,峽,3級
404,挟,1. 常用漢字の通用字体,,準2級
405,狭,1. 常用漢字の通用字体,狹,4級
406,恐,1. 常用漢字の通用字体,,4級
407,恭,1. 常用漢字の通用字体,,準2級
408,胸,1. 常用漢字の通用字体,,5級
409,脅,1. 常用漢字の通用字体,,3級
410,強,1. 常用漢字の通用字体,,9級
411,教,1. 常用漢字の通用字体,,9級
412,郷,1. 常用漢字の通用字体,,5級
413,境,1. 常用漢字の通用字体,,6級
414,橋,1. 常用漢字の通用字体,,8級
415,矯,1. 常用漢字の通用字体,,準2級
416,鏡,1. 常用漢字の通用字体,,7級
417,競,1. 常用漢字の通用字体,,7級
418,響,1. 常用漢字の通用字体,響,4級
419,驚,1. 常用漢字の通用字体,,4級
420,仰,1. 常用漢字の通用字体,,4級
421,暁,1. 常用漢字の通用字体,曉,準2級
422,業,1. 常用漢字の通用字体,,8級
423,凝,1. 常用漢字の通用字体,,3級
424,曲,1. 常用漢字の通用字体,,8級
425,局,1. 常用漢字の通用字体,,8級
426,極,1. 常用漢字の通用字体,,7級
427,玉,1. 常用漢字の通用字体,,10級
428,巾,1. 常用漢字の通用字体,,2級
429,斤,1. 常用漢字の通用字体,,3級
430,均,1. 常用漢字の通用字体,,6級
431,近,1. 常用漢字の通用字体,,9級
432,金,1. 常用漢字の通用字体,,10級
433,菌,1. 常用漢字の通用字体,,準2級
434,勤,1. 常用漢字の通用字体,勤,5級
435,琴,1. 常用漢字の通用字体,,準2級
436,筋,1. 常用漢字の通用字体,,5級
437,僅,1. 常用漢字の通用字体,,2級
438,禁,1. 常用漢字の通用字体,,6級
439,緊,1. 常用漢字の通用字体,,3級
440,錦,1. 常用漢字の通用字体,,2級
441,謹,1. 常用漢字の通用字体,謹,準2級
442,襟,1. 常用漢字の通用字体,,準2級
443,吟,1. 常用漢字の通用字体,,準2級
444,銀,1. 常用漢字の通用字体,,8級
445,区,1. 常用漢字の通用字体,,8級
446,句,1. 常用漢字の通用字体,,6級
447,苦,1. 常用漢字の通用字体,,8級
448,駆,1. 常用漢字の通用字体,駈,4級
449,具,1. 常用漢字の通用字体,,8級
450,惧,1. 常用漢字の通用字体,,2級
451,愚,1. 常用漢字の通用字体,,3級
452,空,1. 常用漢字の通用字体,,10級
453,偶,1. 常用漢字の通用字体,,3級
454,遇,1. 常用漢字の通用字体,,3級
455,隅,1. 常用漢字の通用字体,,準2級
456,串,1. 常用漢字の通用字体,,2級
457,屈,1. 常用漢字の通用字体,,4級
458,掘,1. 常用漢字の通用字体,,4級
459,窟,1. 常用漢字の通用字体,,2級
460,熊,1. 常用漢字の通用字体,,7級
461,繰,1. 常用漢字の通用字体,,4級
462,君,1. 常用漢字の通用字体,,8級
463,訓,1. 常用漢字の通用字体,,7級
464,勲,1. 常用漢字の通用字体,勳,準2級
465,薫,1. 常用漢字の通用字体,薰,準2級
466,軍,1. 常用漢字の通用字体,,7級
467,郡,1. 常用漢字の通用字体,,7級
468,群,1. 常用漢字の通用字体,,7級
469,兄,1. 常用漢字の通用字体,,9級
470,刑,1. 常用漢字の通用字体,,3級
471,形,1. 常用漢字の通用字体,,9級
472,系,1. 常用漢字の通用字体,,5級
473,径,1. 常用漢字の通用字体,,7級
474,茎,1. 常用漢字の通用字体,,準2級
475,係,1. 常用漢字の通用字体,,8級
476,型,1. 常用漢字の通用字体,,6級
477,契,1. 常用漢字の通用字体,,3級
478,計,1. 常用漢字の通用字体,,9級
479,恵,1. 常用漢字の通用字体,惠,4級
480,啓,1. 常用漢字の通用字体,,3級
481,掲,1. 常用漢字の通用字体,揭,3級
482,渓,1. 常用漢字の通用字体,,準2級
483,経,1. 常用漢字の通用字体,,6級
484,蛍,1. 常用漢字の通用字体,,準2級
485,敬,1. 常用漢字の通用字体,,5級
486,景,1. 常用漢字の通用字体,,7級
487,軽,1. 常用漢字の通用字体,,8級
488,傾,1. 常用漢字の通用字体,,4級
489,携,1. 常用漢字の通用字体,,3級
490,継,1. 常用漢字の通用字体,,4級
491,詣,1. 常用漢字の通用字体,,2級
492,慶,1. 常用漢字の通用字体,,準2級
493,憬,1. 常用漢字の通用字体,,2級
494,稽,1. 常用漢字の通用字体,,2級
495,憩,1. 常用漢字の通用字体,,3級
496,警,1. 常用漢字の通用字体,,5級
497,鶏,1. 常用漢字の通用字体,鷄,3級
498,芸,1. 常用漢字の通用字体,藝,7級
499,迎,1. 常用漢字の通用字体,,4級
500,鯨,1. 常用漢字の通用字体,,3級
501,隙,1. 常用漢字の通用字体,,2級
502,劇,1. 常用漢字の通用字体,,5級
503,撃,1. 常用漢字の通用字体,擊,4級
504,激,1. 常用漢字の通用字体,,5級
505,桁,1. 常用漢字の通用字体,,2級
506,欠,1. 常用漢字の通用字体,,7級
507,穴,1. 常用漢字の通用字体,,5級
508,血,1. 常用漢字の通用字体,,8級
509,決,1. 常用漢字の通用字体,,8級
510,結,1. 常用漢字の通用字体,,7級
511,傑,1. 常用漢字の通用字体,,準2級
512,潔,1. 常用漢字の通用字体,,6級
513,月,1. 常用漢字の通用字体,,10級
514,犬,1. 常用漢字の通用字体,,10級
515,件,1. 常用漢字の通用字体,,6級
516,見,1. 常用漢字の通用字体,,10級
517,券,1. 常用漢字の通用字体,,5級
518,肩,1. 常用漢字の通用字体,,4級
519,建,1. 常用漢字の通用字体,,7級
520,研,1. 常用漢字の通用字体,,8級
521,県,1. 常用漢字の通用字体,縣,8級
522,倹,1. 常用漢字の通用字体,儉,3級
523,兼,1. 常用漢字の通用字体,,4級
524,剣,1. 常用漢字の通用字体,劍,4級
525,拳,1. 常用漢字の通用字体,,2級
526,軒,1. 常用漢字の通用字体,,4級
527,健,1. 常用漢字の通用字体,,7級
528,険,1. 常用漢字の通用字体,險,6級
529,圏,1. 常用漢字の通用字体,圈,4級
530,堅,1. 常用漢字の通用字体,,4級
531,検,1. 常用漢字の通用字体,檢,6級
532,嫌,1. 常用漢字の通用字体,,準2級
533,献,1. 常用漢字の通用字体,,準2級
534,絹,1. 常用漢字の通用字体,,5級
535,遣,1. 常用漢字の通用字体,,4級
536,権,1. 常用漢字の通用字体,,5級
537,憲,1. 常用漢字の通用字体,,5級
538,賢,1. 常用漢字の通用字体,,3級
539,謙,1. 常用漢字の通用字体,,準2級
540,鍵,1. 常用漢字の通用字体,,2級
541,繭,1. 常用漢字の通用字体,,準2級
542,顕,1. 常用漢字の通用字体,顯,準2級
543,験,1. 常用漢字の通用字体,驗,7級
544,懸,1. 常用漢字の通用字体,,準2級
545,元,1. 常用漢字の通用字体,,9級
546,幻,1. 常用漢字の通用字体,,3級
547,玄,1. 常用漢字の通用字体,,4級
548,言,1. 常用漢字の通用字体,,9級
549,弦,1. 常用漢字の通用字体,,準2級
550,限,1. 常用漢字の通用字体,,6級
551,原,1. 常用漢字の通用字体,,9級
552,現,1. 常用漢字の通用字体,,6級
553,舷,1. 常用漢字の通用字体,,2級
554,減,1. 常用漢字の通用字体,,6級
555,源,1. 常用漢字の通用字体,,5級
556,厳,1. 常用漢字の通用字体,嚴,5級
557,己,1. 常用漢字の通用字体,,5級
558,戸,1. 常用漢字の通用字体,,9級
559,古,1. 常用漢字の通用字体,,9級
560,呼,1. 常用漢字の通用字体,,5級
561,固,1. 常用漢字の通用字体,,7級
562,股,1. 常用漢字の通用字体,,2級
563,虎,1. 常用漢字の通用字体,,2級
564,孤,1. 常用漢字の通用字体,,3級
565,弧,1. 常用漢字の通用字体,,3級
566,故,1. 常用漢字の通用字体,,6級
567,枯,1. 常用漢字の通用字体,,4級
568,個,1. 常用漢字の通用字体,,6級
569,庫,1. 常用漢字の通用字体,,8級
570,湖,1. 常用漢字の通用字体,,8級
571,雇,1. 常用漢字の通用字体,,3級
572,誇,1. 常用漢字の通用字体,,4級
573,鼓,1. 常用漢字の通用字体,,4級
574,錮,1. 常用漢字の通用字体,,2級
575,顧,1. 常用漢字の通用字体,,3級
576,五,1. 常用漢字の通用字体,,10級
577,互,1. 常用漢字の通用字体,,4級
578,午,1. 常用漢字の通用字体,,9級
579,呉,1. 常用漢字の通用字体,,準2級
580,後,1. 常用漢字の通用字体,,9級
581,娯,1. 常用漢字の通用字体,,3級
582,悟,1. 常用漢字の通用字体,,3級
583,碁,1. 常用漢字の通用字体,,準2級
584,語,1. 常用漢字の通用字体,,9級
585,誤,1. 常用漢字の通用字体,,5級
586,護,1. 常用漢字の通用字体,,6級
587,口,1. 常用漢字の通用字体,,10級
588,工,1. 常用漢字の通用字体,,9級
589,公,1. 常用漢字の通用字体,,9級
590,勾,1. 常用漢字の通用字体,,2級
591,孔,1. 常用漢字の通用字体,,3級
592,功,1. 常用漢字の通用字体,,7級
593,巧,1. 常用漢字の通用字体,,3級
594,広,1. 常用漢字の通用字体,廣,9級
595,甲,1. 常用漢字の通用字体,,3級
596,交,1. 常用漢字の通用字体,,9級
597,光,1. 常用漢字の通用字体,,9級
598,向,1. 常用漢字の通用字体,,8級
599,后,1. 常用漢字の通用字体,,5級
600,好,1. 常用漢字の通用字体,,7級
601,江,1. 常用漢字の通用字体,,準2級
602,考,1. 常用漢字の通用字体,,9級
603,行,1. 常用漢字の通用字体,,9級
604,坑,1. 常用漢字の通用字体,,3級
605,孝,1. 常用漢字の通用字体,,5級
606,抗,1. 常用漢字の通用字体,,4級
607,攻,1. 常用漢字の通用字体,,4級
608,更,1. 常用漢字の通用字体,,4級
609,効,1. 常用漢字の通用字体,,6級
610,幸,1. 常用漢字の通用字体,,8級
611,拘,1. 常用漢字の通用字体,,3級
612,肯,1. 常用漢字の通用字体,,準2級
613,侯,1. 常用漢字の通用字体,,準2級
614,厚,1. 常用漢字の通用字体,,6級
615,恒,1. 常用漢字の通用字体,恆,4級
616,洪,1. 常用漢字の通用字体,,準2級
617,皇,1. 常用漢字の通用字体,,5級
618,紅,1. 常用漢字の通用字体,,5級
619,荒,1. 常用漢字の通用字体,,4級
620,郊,1. 常用漢字の通用字体,,3級
621,香,1. 常用漢字の通用字体,,7級
622,候,1. 常用漢字の通用字体,,7級
623,校,1. 常用漢字の通用字体,,10級
624,耕,1. 常用漢字の通用字体,,6級
625,航,1. 常用漢字の通用字体,,6級
626,貢,1. 常用漢字の通用字体,,準2級
627,降,1. 常用漢字の通用字体,,5級
628,高,1. 常用漢字の通用字体,,9級
629,康,1. 常用漢字の通用字体,,7級
630,控,1. 常用漢字の通用字体,,3級
631,梗,1. 常用漢字の通用字体,,2級
632,黄,1. 常用漢字の通用字体,黃,9級
633,喉,1. 常用漢字の通用字体,,2級
634,慌,1. 常用漢字の通用字体,,3級
635,港,1. 常用漢字の通用字体,,8級
636,硬,1. 常用漢字の通用字体,,3級
637,絞,1. 常用漢字の通用字体,,3級
638,項,1. 常用漢字の通用字体,,4級
639,溝,1. 常用漢字の通用字体,,準2級
640,鉱,1. 常用漢字の通用字体,,6級
641,構,1. 常用漢字の通用字体,,6級
642,綱,1. 常用漢字の通用字体,,3級
643,酵,1. 常用漢字の通用字体,,3級
644,稿,1. 常用漢字の通用字体,,4級
645,興,1. 常用漢字の通用字体,,6級
646,衡,1. 常用漢字の通用字体,,準2級
647,鋼,1. 常用漢字の通用字体,,5級
648,講,1. 常用漢字の通用字体,,6級
649,購,1. 常用漢字の通用字体,,準2級
650,乞,1. 常用漢字の通用字体,,2級
651,号,1. 常用漢字の通用字体,,8級
652,合,1. 常用漢字の通用字体,,9級
653,拷,1. 常用漢字の通用字体,,準2級
654,剛,1. 常用漢字の通用字体,,準2級
655,傲,1. 常用漢字の通用字体,,2級
656,豪,1. 常用漢字の通用字体,,4級
657,克,1. 常用漢字の通用字体,,3級
658,告,1. 常用漢字の通用字体,,6級
659,谷,1. 常用漢字の通用字体,,9級
660,刻,1. 常用漢字の通用字体,,5級
661,国,1. 常用漢字の通用字体,國,9級
662,黒,1. 常用漢字の通用字体,黑,9級
663,穀,1. 常用漢字の通用字体,穀,5級
664,酷,1. 常用漢字の通用字体,,準2級
665,獄,1. 常用漢字の通用字体,,3級
666,骨,1. 常用漢字の通用字体,,5級
667,駒,1. 常用漢字の通用字体,,2級
668,込,1. 常用漢字の通用字体,,4級
669,頃,1. 常用漢字の通用字体,,2級
670,今,1. 常用漢字の通用字体,,9級
671,困,1. 常用漢字の通用字体,,5級
672,昆,1. 常用漢字の通用字体,,準2級
673,恨,1. 常用漢字の通用字体,,3級
674,根,1. 常用漢字の通用字体,,8級
675,婚,1. 常用漢字の通用字体,,4級
676,混,1. 常用漢字の通用字体,,6級
677,痕,1. 常用漢字の通用字体,,2級
678,紺,1. 常用漢字の通用字体,,3級
679,魂,1. 常用漢字の通用字体,,3級
680,墾,1. 常用漢字の通用字体,,3級
681,懇,1. 常用漢字の通用字体,,準2級
682,左,1. 常用漢字の通用字体,,10級
683,佐,1. 常用漢字の通用字体,,7級
684,沙,1. 常用漢字の通用字体,,2級
685,査,1. 常用漢字の通用字体,,6級
686,砂,1. 常用漢字の通用字体,,5級
687,唆,1. 常用漢字の通用字体,,準2級
688,差,1. 常用漢字の通用字体,,7級
689,詐,1. 常用漢字の通用字体,,準2級
690,鎖,1. 常用漢字の通用字体,,4級
691,座,1. 常用漢字の通用字体,,5級
692,挫,1. 常用漢字の通用字体,,2級
693,才,1. 常用漢字の通用字体,,9級
694,再,1. 常用漢字の通用字体,,6級
695,災,1. 常用漢字の通用字体,,6級
696,妻,1. 常用漢字の通用字体,,6級
697,采,1. 常用漢字の通用字体,,2級
698,砕,1. 常用漢字の通用字体,碎,準2級
699,宰,1. 常用漢字の通用字体,,準2級
700,栽,1. 常用漢字の通用字体,,準2級
701,彩,1. 常用漢字の通用字体,,4級
702,採,1. 常用漢字の通用字体,,6級
703,済,1. 常用漢字の通用字体,,5級
704,祭,1. 常用漢字の通用字体,,8級
705,斎,1. 常用漢字の通用字体,,準2級
706,細,1. 常用漢字の通用字体,,9級
707,菜,1. 常用漢字の通用字体,,7級
708,最,1. 常用漢字の通用字体,,7級
709,裁,1. 常用漢字の通用字体,,5級
710,債,1. 常用漢字の通用字体,,3級
711,催,1. 常用漢字の通用字体,,3級
712,塞,1. 常用漢字の通用字体,,2級
713,歳,1. 常用漢字の通用字体,,4級
714,載,1. 常用漢字の通用字体,,4級
715,際,1. 常用漢字の通用字体,,6級
716,埼,1. 常用漢字の通用字体,,7級
717,在,1. 常用漢字の通用字体,,6級
718,材,1. 常用漢字の通用字体,,7級
719,剤,1. 常用漢字の通用字体,,4級
720,財,1. 常用漢字の通用字体,,6級
721,罪,1. 常用漢字の通用字体,,6級
722,崎,1. 常用漢字の通用字体,,7級
723,作,1. 常用漢字の通用字体,,9級
724,削,1. 常用漢字の通用字体,,3級
725,昨,1. 常用漢字の通用字体,,7級
726,柵,1. 常用漢字の通用字体,,2級
727,索,1. 常用漢字の通用字体,,準2級
728,策,1. 常用漢字の通用字体,,5級
729,酢,1. 常用漢字の通用字体,,準2級
730,搾,1. 常用漢字の通用字体,,3級
731,錯,1. 常用漢字の通用字体,,3級
732,咲,1. 常用漢字の通用字体,,4級
733,冊,1. 常用漢字の通用字体,,5級
734,札,1. 常用漢字の通用字体,,7級
735,刷,1. 常用漢字の通用字体,,7級
736,刹,1. 常用漢字の通用字体,,2級
737,拶,1. 常用漢字の通用字体,,2級
738,殺,1. 常用漢字の通用字体,,6級
739,察,1. 常用漢字の通用字体,,7級
740,撮,1. 常用漢字の通用字体,,3級
741,擦,1. 常用漢字の通用字体,,3級
742,雑,1. 常用漢字の通用字体,雜,6級
743,皿,1. 常用漢字の通用字体,,8級
744,三,1. 常用漢字の通用字体,,10級
745,山,1. 常用漢字の通用字体,,10級
746,参,1. 常用漢字の通用字体,,7級
747,桟,1. 常用漢字の通用字体,,準2級
748,蚕,1. 常用漢字の通用字体,,5級
749,惨,1. 常用漢字の通用字体,,4級
750,産,1. 常用漢字の通用字体,,7級
751,傘,1. 常用漢字の通用字体,,準2級
752,散,1. 常用漢字の通用字体,,7級
753,算,1. 常用漢字の通用字体,,9級
754,酸,1. 常用漢字の通用字体,,6級
755,賛,1. 常用漢字の通用字体,,6級
756,残,1. 常用漢字の通用字体,,7級
757,斬,1. 常用漢字の通用字体,,2級
758,暫,1. 常用漢字の通用字体,,3級
759,士,1. 常用漢字の通用字体,,6級
760,子,1. 常用漢字の通用字体,,10級
761,支,1. 常用漢字の通用字体,,6級
762,止,1. 常用漢字の通用字体,,9級
763,氏,1. 常用漢字の通用字体,,7級
764,仕,1. 常用漢字の通用字体,,8級
765,史,1. 常用漢字の通用字体,,6級
766,司,1. 常用漢字の通用字体,,7級
767,四,1. 常用漢字の通用字体,,10級
768,市,1. 常用漢字の通用字体,,9級
769,矢,1. 常用漢字の通用字体,,9級
770,旨,1. 常用漢字の通用字体,,4級
771,死,1. 常用漢字の通用字体,,8級
772,糸,1. 常用漢字の通用字体,,10級
773,至,1. 常用漢字の通用字体,,5級
774,伺,1. 常用漢字の通用字体,,4級
775,志,1. 常用漢字の通用字体,,6級
776,私,1. 常用漢字の通用字体,,5級
777,使,1. 常用漢字の通用字体,,8級
778,刺,1. 常用漢字の通用字体,,4級
779,始,1. 常用漢字の通用字体,,8級
780,姉,1. 常用漢字の通用字体,,9級
781,枝,1. 常用漢字の通用字体,,6級
782,祉,1. 常用漢字の通用字体,祉,3級
783,肢,1. 常用漢字の通用字体,,準2級
784,姿,1. 常用漢字の通用字体,,5級
785,思,1. 常用漢字の通用字体,,9級
786,指,1. 常用漢字の通用字体,,8級
787,施,1. 常用漢字の通用字体,,3級
788,師,1. 常用漢字の通用字体,,6級
789,恣,1. 常用漢字の通用字体,,2級
790,紙,1. 常用漢字の通用字体,,9級
791,脂,1. 常用漢字の通用字体,,4級
792,視,1. 常用漢字の通用字体,視,5級
793,紫,1. 常用漢字の通用字体,,4級
794,詞,1. 常用漢字の通用字体,,5級
795,歯,1. 常用漢字の通用字体,,8級
796,嗣,1. 常用漢字の通用字体,,準2級
797,試,1. 常用漢字の通用字体,,7級
798,詩,1. 常用漢字の通用字体,,8級
799,資,1. 常用漢字の通用字体,,6級
800,飼,1. 常用漢字の通用字体,,6級
801,誌,1. 常用漢字の通用字体,,5級
802,雌,1. 常用漢字の通用字体,,4級
803,摯,1. 常用漢字の通用字体,,2級
804,賜,1. 常用漢字の通用字体,,準2級
805,諮,1. 常用漢字の通用字体,,3級
806,示,1. 常用漢字の通用字体,,6級
807,字,1. 常用漢字の通用字体,,10級
808,寺,1. 常用漢字の通用字体,,9級
809,次,1. 常用漢字の通用字体,,8級
810,耳,1. 常用漢字の通用字体,,10級
811,自,1. 常用漢字の通用字体,,9級
812,似,1. 常用漢字の通用字体,,6級
813,児,1. 常用漢字の通用字体,兒,7級
814,事,1. 常用漢字の通用字体,,8級
815,侍,1. 常用漢字の通用字体,,3級
816,治,1. 常用漢字の通用字体,,7級
817,持,1. 常用漢字の通用字体,,8級
818,時,1. 常用漢字の通用字体,,9級
819,滋,1. 常用漢字の通用字体,,7級
820,慈,1. 常用漢字の通用字体,,3級
821,辞,1. 常用漢字の通用字体,,7級
822,磁,1. 常用漢字の通用字体,,5級
823,餌,1. 常用漢字の通用字体,,2級
824,璽,1. 常用漢字の通用字体,,準2級
825,鹿,1. 常用漢字の通用字体,,7級
826,式,1. 常用漢字の通用字体,,8級
827,識,1. 常用漢字の通用字体,,6級
828,軸,1. 常用漢字の通用字体,,3級
829,七,1. 常用漢字の通用字体,,10級
830,叱,1. 常用漢字の通用字体,,2級
831,失,1. 常用漢字の通用字体,,7級
832,室,1. 常用漢字の通用字体,,9級
833,疾,1. 常用漢字の通用字体,,3級
834,執,1. 常用漢字の通用字体,,4級
835,湿,1. 常用漢字の通用字体,濕,3級
836,嫉,1. 常用漢字の通用字体,,2級
837,漆,1. 常用漢字の通用字体,,準2級
838,質,1. 常用漢字の通用字体,,6級
839,実,1. 常用漢字の通用字体,實,8級
840,芝,1. 常用漢字の通用字体,,4級
841,写,1. 常用漢字の通用字体,,8級
842,社,1. 常用漢字の通用字体,社,9級
843,車,1. 常用漢字の通用字体,,10級
844,舎,1. 常用漢字の通用字体,,6級
845,者,1. 常用漢字の通用字体,者,8級
846,射,1. 常用漢字の通用字体,,5級
847,捨,1. 常用漢字の通用字体,,5級
848,赦,1. 常用漢字の通用字体,,3級
849,斜,1. 常用漢字の通用字体,,4級
850,煮,1. 常用漢字の通用字体,煮,4級
851,遮,1. 常用漢字の通用字体,,準2級
852,謝,1. 常用漢字の通用字体,,6級
853,邪,1. 常用漢字の通用字体,,3級
854,蛇,1. 常用漢字の通用字体,,準2級
855,尺,1. 常用漢字の通用字体,,5級
856,借,1. 常用漢字の通用字体,,7級
857,酌,1. 常用漢字の通用字体,,準2級
858,釈,1. 常用漢字の通用字体,,4級
859,爵,1. 常用漢字の通用字体,,準2級
860,若,1. 常用漢字の通用字体,,5級
861,弱,1. 常用漢字の通用字体,,9級
862,寂,1. 常用漢字の通用字体,,4級
863,手,1. 常用漢字の通用字体,,10級
864,主,1. 常用漢字の通用字体,,8級
865,守,1. 常用漢字の通用字体,,8級
866,朱,1. 常用漢字の通用字体,,4級
867,取,1. 常用漢字の通用字体,,8級
868,狩,1. 常用漢字の通用字体,,4級
869,首,1. 常用漢字の通用字体,,9級
870,殊,1. 常用漢字の通用字体,,3級
871,珠,1. 常用漢字の通用字体,,準2級
872,酒,1. 常用漢字の通用字体,,8級
873,腫,1. 常用漢字の通用字体,,2級
874,種,1. 常用漢字の通用字体,,7級
875,趣,1. 常用漢字の通用字体,,4級
876,寿,1. 常用漢字の通用字体,壽,3級
877,受,1. 常用漢字の通用字体,,8級
878,呪,1. 常用漢字の通用字体,,2級
879,授,1. 常用漢字の通用字体,,6級
880,需,1. 常用漢字の通用字体,,4級
881,儒,1. 常用漢字の通用字体,,準2級
882,樹,1. 常用漢字の通用字体,,5級
883,収,1. 常用漢字の通用字体,收,5級
884,囚,1. 常用漢字の通用字体,,準2級
885,州,1. 常用漢字の通用字体,,8級
886,舟,1. 常用漢字の通用字体,,4級
887,秀,1. 常用漢字の通用字体,,4級
888,周,1. 常用漢字の通用字体,,7級
889,宗,1. 常用漢字の通用字体,,5級
890,拾,1. 常用漢字の通用字体,,8級
891,秋,1. 常用漢字の通用字体,,9級
892,臭,1. 常用漢字の通用字体,臭,準2級
893,修,1. 常用漢字の通用字体,,6級
894,袖,1. 常用漢字の通用字体,,2級
895,終,1. 常用漢字の通用字体,,8級
896,羞,1. 常用漢字の通用字体,,2級
897,習,1. 常用漢字の通用字体,,8級
898,週,1. 常用漢字の通用字体,,9級
899,就,1. 常用漢字の通用字体,,5級
900,衆,1. 常用漢字の通用字体,,5級
901,集,1. 常用漢字の通用字体,,8級
902,愁,1. 常用漢字の通用字体,,準2級
903,酬,1. 常用漢字の通用字体,,準2級
904,醜,1. 常用漢字の通用字体,,準2級
905,蹴,1. 常用漢字の通用字体,,2級
906,襲,1. 常用漢字の通用字体,,4級
907,十,1. 常用漢字の通用字体,,10級
908,汁,1. 常用漢字の通用字体,,準2級
909,充,1. 常用漢字の通用字体,,準2級
910,住,1. 常用漢字の通用字体,,8級
911,柔,1. 常用漢字の通用字体,,4級
912,重,1. 常用漢字の通用字体,,8級
913,従,1. 常用漢字の通用字体,從,5級
914,渋,1. 常用漢字の通用字体,澁,準2級
915,銃,1. 常用漢字の通用字体,,準2級
916,獣,1. 常用漢字の通用字体,獸,4級
917,縦,1. 常用漢字の通用字体,縱,5級
918,叔,1. 常用漢字の通用字体,,準2級
919,祝,1. 常用漢字の通用字体,祝,7級
920,宿,1. 常用漢字の通用字体,,8級
921,淑,1. 常用漢字の通用字体,,準2級
922,粛,1. 常用漢字の通用字体,,準2級
923,縮,1. 常用漢字の通用字体,,5級
924,塾,1. 常用漢字の通用字体,,準2級
925,熟,1. 常用漢字の通用字体,,5級
926,出,1. 常用漢字の通用字体,,10級
927,述,1. 常用漢字の通用字体,,6級
928,術,1. 常用漢字の通用字体,,6級
929,俊,1. 常用漢字の通用字体,,準2級
930,春,1. 常用漢字の通用字体,,9級
931,瞬,1. 常用漢字の通用字体,,4級
932,旬,1. 常用漢字の通用字体,,4級
933,巡,1. 常用漢字の通用字体,,4級
934,盾,1. 常用漢字の通用字体,,4級
935,准,1. 常用漢字の通用字体,,準2級
936,殉,1. 常用漢字の通用字体,,準2級
937,純,1. 常用漢字の通用字体,,5級
938,循,1. 常用漢字の通用字体,,準2級
939,順,1. 常用漢字の通用字体,,7級
940,準,1. 常用漢字の通用字体,,6級
941,潤,1. 常用漢字の通用字体,,3級
942,遵,1. 常用漢字の通用字体,,3級
943,処,1. 常用漢字の通用字体,,5級
944,初,1. 常用漢字の通用字体,,7級
945,所,1. 常用漢字の通用字体,,8級
946,書,1. 常用漢字の通用字体,,9級
947,庶,1. 常用漢字の通用字体,,準2級
948,暑,1. 常用漢字の通用字体,暑,8級
949,署,1. 常用漢字の通用字体,署,5級
950,緒,1. 常用漢字の通用字体,緖,準2級
951,諸,1. 常用漢字の通用字体,諸,5級
952,女,1. 常用漢字の通用字体,,10級
953,如,1. 常用漢字の通用字体,,3級
954,助,1. 常用漢字の通用字体,,8級
955,序,1. 常用漢字の通用字体,,6級
956,叙,1. 常用漢字の通用字体,敍,準2級
957,徐,1. 常用漢字の通用字体,,3級
958,除,1. 常用漢字の通用字体,,5級
959,小,1. 常用漢字の通用字体,,10級
960,升,1. 常用漢字の通用字体,,準2級
961,少,1. 常用漢字の通用字体,,9級
962,召,1. 常用漢字の通用字体,,4級
963,匠,1. 常用漢字の通用字体,,3級
964,床,1. 常用漢字の通用字体,,4級
965,抄,1. 常用漢字の通用字体,,準2級
966,肖,1. 常用漢字の通用字体,,準2級
967,尚,1. 常用漢字の通用字体,,準2級
968,招,1. 常用漢字の通用字体,,6級
969,承,1. 常用漢字の通用字体,,5級
970,昇,1. 常用漢字の通用字体,,3級
971,松,1. 常用漢字の通用字体,,7級
972,沼,1. 常用漢字の通用字体,,4級
973,昭,1. 常用漢字の通用字体,,8級
974,宵,1. 常用漢字の通用字体,,準2級
975,将,1. 常用漢字の通用字体,將,5級
976,消,1. 常用漢字の通用字体,,8級
977,症,1. 常用漢字の通用字体,,準2級
978,祥,1. 常用漢字の通用字体,祥,準2級
979,称,1. 常用漢字の通用字体,,4級
980,笑,1. 常用漢字の通用字体,,7級
981,唱,1. 常用漢字の通用字体,,7級
982,商,1. 常用漢字の通用字体,,8級
983,渉,1. 常用漢字の通用字体,涉,準2級
984,章,1. 常用漢字の通用字体,,8級
985,紹,1. 常用漢字の通用字体,,4級
986,訟,1. 常用漢字の通用字体,,準2級
987,勝,1. 常用漢字の通用字体,,8級
988,掌,1. 常用漢字の通用字体,,3級
989,晶,1. 常用漢字の通用字体,,3級
990,焼,1. 常用漢字の通用字体,燒,7級
991,焦,1. 常用漢字の通用字体,,3級
992,硝,1. 常用漢字の通用字体,,準2級
993,粧,1. 常用漢字の通用字体,,準2級
994,詔,1. 常用漢字の通用字体,,準2級
995,証,1. 常用漢字の通用字体,,6級
996,象,1. 常用漢字の通用字体,,6級
997,傷,1. 常用漢字の通用字体,,5級
998,奨,1. 常用漢字の通用字体,奬,準2級
999,照,1. 常用漢字の通用字体,,7級
1000,詳,1. 常用漢字の通用字体,,4級
1001,彰,1. 常用漢字の通用字体,,準2級
1002,障,1. 常用漢字の通用字体,,5級
1003,憧,1. 常用漢字の通用字体,,2級
1004,衝,1. 常用漢字の通用字体,,3級
1005,賞,1. 常用漢字の通用字体,,6級
1006,償,1. 常用漢字の通用字体,,準2級
1007,礁,1. 常用漢字の通用字体,,準2級
1008,鐘,1. 常用漢字の通用字体,,3級
1009,上,1. 常用漢字の通用字体,,10級
1010,丈,1. 常用漢字の通用字体,,4級
1011,冗,1. 常用漢字の通用字体,,3級
1012,条,1. 常用漢字の通用字体,條,6級
1013,状,1. 常用漢字の通用字体,狀,6級
1014,乗,1. 常用漢字の通用字体,乘,8級
1015,城,1. 常用漢字の通用字体,,7級
1016,浄,1. 常用漢字の通用字体,淨,準2級
1017,剰,1. 常用漢字の通用字体,剩,準2級
1018,常,1. 常用漢字の通用字体,,6級
1019,情,1. 常用漢字の通用字体,,6級
1020,場,1. 常用漢字の通用字体,,9級
1021,畳,1. 常用漢字の通用字体,疊,4級
1022,蒸,1. 常用漢字の通用字体,,5級
1023,縄,1. 常用漢字の通用字体,,7級
1024,壌,1. 常用漢字の通用字体,,準2級
1025,嬢,1. 常用漢字の通用字体,孃,3級
1026,錠,1. 常用漢字の通用字体,,3級
1027,譲,1. 常用漢字の通用字体,讓,3級
1028,醸,1. 常用漢字の通用字体,釀,準2級
1029,色,1. 常用漢字の通用字体,,9級
1030,拭,1. 常用漢字の通用字体,,2級
1031,食,1. 常用漢字の通用字体,,9級
1032,植,1. 常用漢字の通用字体,,8級
1033,殖,1. 常用漢字の通用字体,,4級
1034,飾,1. 常用漢字の通用字体,,4級
1035,触,1. 常用漢字の通用字体,,4級
1036,嘱,1. 常用漢字の通用字体,,3級
1037,織,1. 常用漢字の通用字体,,6級
1038,職,1. 常用漢字の通用字体,,6級
1039,辱,1. 常用漢字の通用字体,,3級
1040,尻,1. 常用漢字の通用字体,,2級
1041,心,1. 常用漢字の通用字体,,9級
1042,申,1. 常用漢字の通用字体,,8級
1043,伸,1. 常用漢字の通用字体,,3級
1044,臣,1. 常用漢字の通用字体,,7級
1045,芯,1. 常用漢字の通用字体,,2級
1046,身,1. 常用漢字の通用字体,,8級
1047,辛,1. 常用漢字の通用字体,,3級
1048,侵,1. 常用漢字の通用字体,,4級
1049,信,1. 常用漢字の通用字体,,7級
1050,津,1. 常用漢字の通用字体,,準2級
1051,神,1. 常用漢字の通用字体,神,8級
1052,唇,1. 常用漢字の通用字体,,準2級
1053,娠,1. 常用漢字の通用字体,,準2級
1054,振,1. 常用漢字の通用字体,,4級
1055,浸,1. 常用漢字の通用字体,,4級
1056,真,1. 常用漢字の通用字体,眞,8級
1057,針,1. 常用漢字の通用字体,,5級
1058,深,1. 常用漢字の通用字体,,8級
1059,紳,1. 常用漢字の通用字体,,準2級
1060,進,1. 常用漢字の通用字体,,8級
1061,森,1. 常用漢字の通用字体,,10級
1062,診,1. 常用漢字の通用字体,,準2級
1063,寝,1. 常用漢字の通用字体,寢,4級
1064,慎,1. 常用漢字の通用字体,愼,4級
1065,新,1. 常用漢字の通用字体,,9級
1066,審,1. 常用漢字の通用字体,,3級
1067,震,1. 常用漢字の通用字体,,4級
1068,薪,1. 常用漢字の通用字体,,4級
1069,親,1. 常用漢字の通用字体,,9級
1070,人,1. 常用漢字の通用字体,,10級
1071,刃,1. 常用漢字の通用字体,,準2級
1072,仁,1. 常用漢字の通用字体,,5級
1073,尽,1. 常用漢字の通用字体,盡,4級
1074,迅,1. 常用漢字の通用字体,,準2級
1075,甚,1. 常用漢字の通用字体,,準2級
1076,陣,1. 常用漢字の通用字体,,4級
1077,尋,1. 常用漢字の通用字体,,4級
1078,腎,1. 常用漢字の通用字体,,2級
1079,須,1. 常用漢字の通用字体,,2級
1080,図,1. 常用漢字の通用字体,,9級
1081,水,1. 常用漢字の通用字体,,10級
1082,吹,1. 常用漢字の通用字体,,4級
1083,垂,1. 常用漢字の通用字体,,5級
1084,炊,1. 常用漢字の通用字体,,3級
1085,帥,1. 常用漢字の通用字体,,準2級
1086,粋,1. 常用漢字の通用字体,粹,3級
1087,衰,1. 常用漢字の通用字体,,3級
1088,推,1. 常用漢字の通用字体,,5級
1089,酔,1. 常用漢字の通用字体,醉,3級
1090,遂,1. 常用漢字の通用字体,,3級
1091,睡,1. 常用漢字の通用字体,,準2級
1092,穂,1. 常用漢字の通用字体,穗,3級
1093,随,1. 常用漢字の通用字体,,3級
1094,髄,1. 常用漢字の通用字体,,3級
1095,枢,1. 常用漢字の通用字体,,準2級
1096,崇,1. 常用漢字の通用字体,,準2級
1097,数,1. 常用漢字の通用字体,,9級
1098,据,1. 常用漢字の通用字体,,準2級
1099,杉,1. 常用漢字の通用字体,,準2級
1100,裾,1. 常用漢字の通用字体,,2級
1101,寸,1. 常用漢字の通用字体,,5級
1102,瀬,1. 常用漢字の通用字体,瀨,3級
1103,是,1. 常用漢字の通用字体,,4級
1104,井,1. 常用漢字の通用字体,,7級
1105,世,1. 常用漢字の通用字体,,8級
1106,正,1. 常用漢字の通用字体,,10級
1107,生,1. 常用漢字の通用字体,,10級
1108,成,1. 常用漢字の通用字体,,7級
1109,西,1. 常用漢字の通用字体,,9級
1110,声,1. 常用漢字の通用字体,,9級
1111,制,1. 常用漢字の通用字体,,6級
1112,姓,1. 常用漢字の通用字体,,4級
1113,征,1. 常用漢字の通用字体,,4級
1114,性,1. 常用漢字の通用字体,,6級
1115,青,1. 常用漢字の通用字体,,10級
1116,斉,1. 常用漢字の通用字体,齊,準2級
1117,政,1. 常用漢字の通用字体,,6級
1118,星,1. 常用漢字の通用字体,,9級
1119,牲,1. 常用漢字の通用字体,,3級
1120,省,1. 常用漢字の通用字体,,7級
1121,凄,1. 常用漢字の通用字体,,2級
1122,逝,1. 常用漢字の通用字体,,準2級
1123,清,1. 常用漢字の通用字体,,7級
1124,盛,1. 常用漢字の通用字体,,5級
1125,婿,1. 常用漢字の通用字体,,3級
1126,晴,1. 常用漢字の通用字体,,9級
1127,勢,1. 常用漢字の通用字体,,6級
1128,聖,1. 常用漢字の通用字体,,5級
1129,誠,1. 常用漢字の通用字体,,5級
1130,精,1. 常用漢字の通用字体,,6級
1131,製,1. 常用漢字の通用字体,,6級
1132,誓,1. 常用漢字の通用字体,,準2級
1133,静,1. 常用漢字の通用字体,靜,7級
1134,請,1. 常用漢字の通用字体,,3級
1135,整,1. 常用漢字の通用字体,,8級
1136,醒,1. 常用漢字の通用字体,,2級
1137,税,1. 常用漢字の通用字体,,6級
1138,夕,1. 常用漢字の通用字体,,10級
1139,斥,1. 常用漢字の通用字体,,3級
1140,石,1. 常用漢字の通用字体,,10級
1141,赤,1. 常用漢字の通用字体,,10級
1142,昔,1. 常用漢字の通用字体,,8級
1143,析,1. 常用漢字の通用字体,,準2級
1144,席,1. 常用漢字の通用字体,,7級
1145,脊,1. 常用漢字の通用字体,,2級
1146,隻,1. 常用漢字の通用字体,,3級
1147,惜,1. 常用漢字の通用字体,,3級
1148,戚,1. 常用漢字の通用字体,,2級
1149,責,1. 常用漢字の通用字体,,6級
1150,跡,1. 常用漢字の通用字体,,4級
1151,積,1. 常用漢字の通用字体,,7級
1152,績,1. 常用漢字の通用字体,,6級
1153,籍,1. 常用漢字の通用字体,,3級
1154,切,1. 常用漢字の通用字体,,9級
1155,折,1. 常用漢字の通用字体,,7級
1156,拙,1. 常用漢字の通用字体,,準2級
1157,窃,1. 常用漢字の通用字体,,準2級
1158,接,1. 常用漢字の通用字体,,6級
1159,設,1. 常用漢字の通用字体,,6級
1160,雪,1. 常用漢字の通用字体,,9級
1161,摂,1. 常用漢字の通用字体,攝,3級
1162,節,1. 常用漢字の通用字体,節,7級
1163,説,1. 常用漢字の通用字体,,7級
1164,舌,1. 常用漢字の通用字体,,5級
1165,絶,1. 常用漢字の通用字体,,6級
1166,千,1. 常用漢字の通用字体,,10級
1167,川,1. 常用漢字の通用字体,,10級
1168,仙,1. 常用漢字の通用字体,,準2級
1169,占,1. 常用漢字の通用字体,,4級
1170,先,1. 常用漢字の通用字体,,10級
1171,宣,1. 常用漢字の通用字体,,5級
1172,専,1. 常用漢字の通用字体,專,5級
1173,泉,1. 常用漢字の通用字体,,5級
1174,浅,1. 常用漢字の通用字体,,7級
1175,洗,1. 常用漢字の通用字体,,5級
1176,染,1. 常用漢字の通用字体,,5級
1177,扇,1. 常用漢字の通用字体,,4級
1178,栓,1. 常用漢字の通用字体,,準2級
1179,旋,1. 常用漢字の通用字体,,準2級
1180,船,1. 常用漢字の通用字体,,9級
1181,戦,1. 常用漢字の通用字体,戰,7級
1182,煎,1. 常用漢字の通用字体,,2級
1183,羨,1. 常用漢字の通用字体,,2級
1184,腺,1. 常用漢字の通用字体,,2級
1185,詮,1. 常用漢字の通用字体,,2級
1186,践,1. 常用漢字の通用字体,,準2級
1187,箋,1. 常用漢字の通用字体,,2級
1188,銭,1. 常用漢字の通用字体,,5級
1189,潜,1. 常用漢字の通用字体,,3級
1190,線,1. 常用漢字の通用字体,,9級
1191,遷,1. 常用漢字の通用字体,,準2級
1192,選,1. 常用漢字の通用字体,,7級
1193,薦,1. 常用漢字の通用字体,,準2級
1194,繊,1. 常用漢字の通用字体,纖,準2級
1195,鮮,1. 常用漢字の通用字体,,4級
1196,全,1. 常用漢字の通用字体,,8級
1197,前,1. 常用漢字の通用字体,,9級
1198,善,1. 常用漢字の通用字体,,5級
1199,然,1. 常用漢字の通用字体,,7級
1200,禅,1. 常用漢字の通用字体,禪,準2級
1201,漸,1. 常用漢字の通用字体,,準2級
1202,膳,1. 常用漢字の通用字体,,2級
1203,繕,1. 常用漢字の通用字体,,3級
1204,狙,1. 常用漢字の通用字体,,2級
1205,阻,1. 常用漢字の通用字体,,3級
1206,祖,1. 常用漢字の通用字体,祖,6級
1207,租,1. 常用漢字の通用字体,,準2級
1208,素,1. 常用漢字の通用字体,,6級
1209,措,1. 常用漢字の通用字体,,3級
1210,粗,1. 常用漢字の通用字体,,3級
1211,組,1. 常用漢字の通用字体,,9級
1212,疎,1. 常用漢字の通用字体,,準2級
1213,訴,1. 常用漢字の通用字体,,4級
1214,塑,1. 常用漢字の通用字体,,準2級
1215,遡,1. 常用漢字の通用字体,,2級
1216,礎,1. 常用漢字の通用字体,,3級
1217,双,1. 常用漢字の通用字体,,3級
1218,壮,1. 常用漢字の通用字体,壯,準2級
1219,早,1. 常用漢字の通用字体,,10級
1220,争,1. 常用漢字の通用字体,爭,7級
1221,走,1. 常用漢字の通用字体,,9級
1222,奏,1. 常用漢字の通用字体,,5級
1223,相,1. 常用漢字の通用字体,,8級
1224,荘,1. 常用漢字の通用字体,莊,準2級
1225,草,1. 常用漢字の通用字体,,10級
1226,送,1. 常用漢字の通用字体,,8級
1227,倉,1. 常用漢字の通用字体,,7級
1228,捜,1. 常用漢字の通用字体,搜,準2級
1229,挿,1. 常用漢字の通用字体,,準2級
1230,桑,1. 常用漢字の通用字体,,3級
1231,巣,1. 常用漢字の通用字体,巢,7級
1232,掃,1. 常用漢字の通用字体,,3級
1233,曹,1. 常用漢字の通用字体,,準2級
1234,曽,1. 常用漢字の通用字体,曾,2級
1235,爽,1. 常用漢字の通用字体,,2級
1236,窓,1. 常用漢字の通用字体,,5級
1237,創,1. 常用漢字の通用字体,,5級
1238,喪,1. 常用漢字の通用字体,,準2級
1239,痩,1. 常用漢字の通用字体,瘦,2級
1240,葬,1. 常用漢字の通用字体,,3級
1241,装,1. 常用漢字の通用字体,裝,5級
1242,僧,1. 常用漢字の通用字体,僧,4級
1243,想,1. 常用漢字の通用字体,,8級
1244,層,1. 常用漢字の通用字体,層,5級
1245,総,1. 常用漢字の通用字体,,6級
1246,遭,1. 常用漢字の通用字体,,3級
1247,槽,1. 常用漢字の通用字体,,準2級
1248,踪,1. 常用漢字の通用字体,,2級
1249,操,1. 常用漢字の通用字体,,5級
1250,燥,1. 常用漢字の通用字体,,4級
1251,霜,1. 常用漢字の通用字体,,準2級
1252,騒,1. 常用漢字の通用字体,騷,4級
1253,藻,1. 常用漢字の通用字体,,準2級
1254,造,1. 常用漢字の通用字体,,6級
1255,像,1. 常用漢字の通用字体,,6級
1256,増,1. 常用漢字の通用字体,增,6級
1257,憎,1. 常用漢字の通用字体,憎,3級
1258,蔵,1. 常用漢字の通用字体,藏,5級
1259,贈,1. 常用漢字の通用字体,贈,4級
1260,臓,1. 常用漢字の通用字体,臟,5級
1261,即,1. 常用漢字の通用字体,卽,4級
1262,束,1. 常用漢字の通用字体,,7級
1263,足,1. 常用漢字の通用字体,,10級
1264,促,1. 常用漢字の通用字体,,3級
1265,則,1. 常用漢字の通用字体,,6級
1266,息,1. 常用漢字の通用字体,,8級
1267,捉,1. 常用漢字の通用字体,,2級
1268,速,1. 常用漢字の通用字体,,8級
1269,側,1. 常用漢字の通用字体,,7級
1270,測,1. 常用漢字の通用字体,,6級
1271,俗,1. 常用漢字の通用字体,,4級
1272,族,1. 常用漢字の通用字体,,8級
1273,属,1. 常用漢字の通用字体,,6級
1274,賊,1. 常用漢字の通用字体,,3級
1275,続,1. 常用漢字の通用字体,,7級
1276,卒,1. 常用漢字の通用字体,,7級
1277,率,1. 常用漢字の通用字体,,6級
1278,存,1. 常用漢字の通用字体,,5級
1279,村,1. 常用漢字の通用字体,,10級
1280,孫,1. 常用漢字の通用字体,,7級
1281,尊,1. 常用漢字の通用字体,,5級
1282,損,1. 常用漢字の通用字体,,6級
1283,遜,1. 常用漢字の通用字体,,2級
1284,他,1. 常用漢字の通用字体,,8級
1285,多,1. 常用漢字の通用字体,,9級
1286,汰,1. 常用漢字の通用字体,,2級
1287,打,1. 常用漢字の通用字体,,8級
1288,妥,1. 常用漢字の通用字体,,準2級
1289,唾,1. 常用漢字の通用字体,,2級
1290,堕,1. 常用漢字の通用字体,,準2級
1291,惰,1. 常用漢字の通用字体,,準2級
1292,駄,1. 常用漢字の通用字体,,準2級
1293,太,1. 常用漢字の通用字体,,9級
1294,対,1. 常用漢字の通用字体,,8級
1295,体,1. 常用漢字の通用字体,,9級
1296,耐,1. 常用漢字の通用字体,,4級
1297,待,1. 常用漢字の通用字体,,8級
1298,怠,1. 常用漢字の通用字体,,3級
1299,胎,1. 常用漢字の通用字体,,3級
1300,退,1. 常用漢字の通用字体,,5級
1301,帯,1. 常用漢字の通用字体,帶,7級
1302,泰,1. 常用漢字の通用字体,,準2級
1303,堆,1. 常用漢字の通用字体,,2級
1304,袋,1. 常用漢字の通用字体,,3級
1305,逮,1. 常用漢字の通用字体,,3級
1306,替,1. 常用漢字の通用字体,,4級
1307,貸,1. 常用漢字の通用字体,,6級
1308,隊,1. 常用漢字の通用字体,,7級
1309,滞,1. 常用漢字の通用字体,滯,3級
1310,態,1. 常用漢字の通用字体,,6級
1311,戴,1. 常用漢字の通用字体,,2級
1312,大,1. 常用漢字の通用字体,,10級
1313,代,1. 常用漢字の通用字体,,8級
1314,台,1. 常用漢字の通用字体,,9級
1315,第,1. 常用漢字の通用字体,,8級
1316,題,1. 常用漢字の通用字体,,8級
1317,滝,1. 常用漢字の通用字体,瀧,3級
1318,宅,1. 常用漢字の通用字体,,5級
1319,択,1. 常用漢字の通用字体,,3級
1320,沢,1. 常用漢字の通用字体,,4級
1321,卓,1. 常用漢字の通用字体,,3級
1322,拓,1. 常用漢字の通用字体,,4級
1323,託,1. 常用漢字の通用字体,,3級
1324,濯,1. 常用漢字の通用字体,,準2級
1325,諾,1. 常用漢字の通用字体,,3級
1326,濁,1. 常用漢字の通用字体,,4級
1327,但,1. 常用漢字の通用字体,,準2級
1328,達,1. 常用漢字の通用字体,,7級
1329,脱,1. 常用漢字の通用字体,,4級
1330,奪,1. 常用漢字の通用字体,,3級
1331,棚,1. 常用漢字の通用字体,,準2級
1332,誰,1. 常用漢字の通用字体,,2級
1333,丹,1. 常用漢字の通用字体,,4級
1334,旦,1. 常用漢字の通用字体,,2級
1335,担,1. 常用漢字の通用字体,,5級
1336,単,1. 常用漢字の通用字体,單,7級
1337,炭,1. 常用漢字の通用字体,,8級
1338,胆,1. 常用漢字の通用字体,,3級
1339,探,1. 常用漢字の通用字体,,5級
1340,淡,1. 常用漢字の通用字体,,4級
1341,短,1. 常用漢字の通用字体,,8級
1342,嘆,1. 常用漢字の通用字体,嘆,4級
1343,端,1. 常用漢字の通用字体,,4級
1344,綻,1. 常用漢字の通用字体,,2級
1345,誕,1. 常用漢字の通用字体,,5級
1346,鍛,1. 常用漢字の通用字体,,3級
1347,団,1. 常用漢字の通用字体,團,6級
1348,男,1. 常用漢字の通用字体,,10級
1349,段,1. 常用漢字の通用字体,,5級
1350,断,1. 常用漢字の通用字体,,6級
1351,弾,1. 常用漢字の通用字体,彈,4級
1352,暖,1. 常用漢字の通用字体,,5級
1353,談,1. 常用漢字の通用字体,,8級
1354,壇,1. 常用漢字の通用字体,,3級
1355,地,1. 常用漢字の通用字体,,9級
1356,池,1. 常用漢字の通用字体,,9級
1357,知,1. 常用漢字の通用字体,,9級
1358,値,1. 常用漢字の通用字体,,5級
1359,恥,1. 常用漢字の通用字体,,4級
1360,致,1. 常用漢字の通用字体,,4級
1361,遅,1. 常用漢字の通用字体,,4級
1362,痴,1. 常用漢字の通用字体,,準2級
1363,稚,1. 常用漢字の通用字体,,3級
1364,置,1. 常用漢字の通用字体,,7級
1365,緻,1. 常用漢字の通用字体,,2級
1366,竹,1. 常用漢字の通用字体,,10級
1367,畜,1. 常用漢字の通用字体,,3級
1368,逐,1. 常用漢字の通用字体,,準2級
1369,蓄,1. 常用漢字の通用字体,,4級
1370,築,1. 常用漢字の通用字体,,6級
1371,秩,1. 常用漢字の通用字体,,準2級
1372,窒,1. 常用漢字の通用字体,,3級
1373,茶,1. 常用漢字の通用字体,,9級
1374,着,1. 常用漢字の通用字体,,8級
1375,嫡,1. 常用漢字の通用字体,,準2級
1376,中,1. 常用漢字の通用字体,,10級
1377,仲,1. 常用漢字の通用字体,,7級
1378,虫,1. 常用漢字の通用字体,,10級
1379,沖,1. 常用漢字の通用字体,,7級
1380,宙,1. 常用漢字の通用字体,,5級
1381,忠,1. 常用漢字の通用字体,,5級
1382,抽,1. 常用漢字の通用字体,,3級
1383,注,1. 常用漢字の通用字体,,8級
1384,昼,1. 常用漢字の通用字体,晝,9級
1385,柱,1. 常用漢字の通用字体,,8級
1386,衷,1. 常用漢字の通用字体,,準2級
1387,酎,1. 常用漢字の通用字体,,2級
1388,鋳,1. 常用漢字の通用字体,鑄,3級
1389,駐,1. 常用漢字の通用字体,,3級
1390,著,1. 常用漢字の通用字体,著,5級
1391,貯,1. 常用漢字の通用字体,,6級
1392,丁,1. 常用漢字の通用字体,,8級
1393,弔,1. 常用漢字の通用字体,,準2級
1394,庁,1. 常用漢字の通用字体,廳,5級
1395,兆,1. 常用漢字の通用字体,,7級
1396,町,1. 常用漢字の通用字体,,10級
1397,長,1. 常用漢字の通用字体,,9級
1398,挑,1. 常用漢字の通用字体,,準2級
1399,帳,1. 常用漢字の通用字体,,8級
1400,張,1. 常用漢字の通用字体,,6級
1401,彫,1. 常用漢字の通用字体,,3級
1402,眺,1. 常用漢字の通用字体,,準2級
1403,釣,1. 常用漢字の通用字体,,準2級
1404,頂,1. 常用漢字の通用字体,,5級
1405,鳥,1. 常用漢字の通用字体,,9級
1406,朝,1. 常用漢字の通用字体,,9級
1407,貼,1. 常用漢字の通用字体,,2級
1408,超,1. 常用漢字の通用字体,,3級
1409,腸,1. 常用漢字の通用字体,,5級
1410,跳,1. 常用漢字の通用字体,,4級
1411,徴,1. 常用漢字の通用字体,徵,4級
1412,嘲,1. 常用漢字の通用字体,,2級
1413,潮,1. 常用漢字の通用字体,,5級
1414,澄,1. 常用漢字の通用字体,,4級
1415,調,1. 常用漢字の通用字体,,8級
1416,聴,1. 常用漢字の通用字体,聽,3級
1417,懲,1. 常用漢字の通用字体,懲,準2級
1418,直,1. 常用漢字の通用字体,,9級
1419,勅,1. 常用漢字の通用字体,,準2級
1420,捗,1. 常用漢字の通用字体,,2級
1421,沈,1. 常用漢字の通用字体,,4級
1422,珍,1. 常用漢字の通用字体,,4級
1423,朕,1. 常用漢字の通用字体,,準2級
1424,陳,1. 常用漢字の通用字体,,3級
1425,賃,1. 常用漢字の通用字体,,5級
1426,鎮,1. 常用漢字の通用字体,鎭,3級
1427,追,1. 常用漢字の通用字体,,8級
1428,椎,1. 常用漢字の通用字体,,2級
1429,墜,1. 常用漢字の通用字体,,3級
1430,通,1. 常用漢字の通用字体,,9級
1431,痛,1. 常用漢字の通用字体,,5級
1432,塚,1. 常用漢字の通用字体,,準2級
1433,漬,1. 常用漢字の通用字体,,準2級
1434,坪,1. 常用漢字の通用字体,,準2級
1435,爪,1. 常用漢字の通用字体,,2級
1436,鶴,1. 常用漢字の通用字体,,2級
1437,低,1. 常用漢字の通用字体,,7級
1438,呈,1. 常用漢字の通用字体,,準2級
1439,廷,1. 常用漢字の通用字体,,準2級
1440,弟,1. 常用漢字の通用字体,,9級
1441,定,1. 常用漢字の通用字体,,8級
1442,底,1. 常用漢字の通用字体,,7級
1443,抵,1. 常用漢字の通用字体,,4級
1444,邸,1. 常用漢字の通用字体,,準2級
1445,亭,1. 常用漢字の通用字体,,準2級
1446,貞,1. 常用漢字の通用字体,,準2級
1447,帝,1. 常用漢字の通用字体,,3級
1448,訂,1. 常用漢字の通用字体,,3級
1449,庭,1. 常用漢字の通用字体,,8級
1450,逓,1. 常用漢字の通用字体,,準2級
1451,停,1. 常用漢字の通用字体,,6級
1452,偵,1. 常用漢字の通用字体,,準2級
1453,堤,1. 常用漢字の通用字体,,4級
1454,提,1. 常用漢字の通用字体,,6級
1455,程,1. 常用漢字の通用字体,,6級
1456,艇,1. 常用漢字の通用字体,,準2級
1457,締,1. 常用漢字の通用字体,,3級
1458,諦,1. 常用漢字の通用字体,,2級
1459,泥,1. 常用漢字の通用字体,,準2級
1460,的,1. 常用漢字の通用字体,,7級
1461,笛,1. 常用漢字の通用字体,,8級
1462,摘,1. 常用漢字の通用字体,,4級
1463,滴,1. 常用漢字の通用字体,,4級
1464,適,1. 常用漢字の通用字体,,6級
1465,敵,1. 常用漢字の通用字体,,5級
1466,溺,1. 常用漢字の通用字体,,2級
1467,迭,1. 常用漢字の通用字体,,準2級
1468,哲,1. 常用漢字の通用字体,,3級
1469,鉄,1. 常用漢字の通用字体,,8級
1470,徹,1. 常用漢字の通用字体,,準2級
1471,撤,1. 常用漢字の通用字体,,準2級
1472,天,1. 常用漢字の通用字体,,10級
1473,典,1. 常用漢字の通用字体,,7級
1474,店,1. 常用漢字の通用字体,,9級
1475,点,1. 常用漢字の通用字体,,9級
1476,展,1. 常用漢字の通用字体,,5級
1477,添,1. 常用漢字の通用字体,,4級
1478,転,1. 常用漢字の通用字体,轉,8級
1479,塡,1. 常用漢字の通用字体,,2級
1480,田,1. 常用漢字の通用字体,,10級
1481,伝,1. 常用漢字の通用字体,傳,7級
1482,殿,1. 常用漢字の通用字体,,4級
1483,電,1. 常用漢字の通用字体,,9級
1484,斗,1. 常用漢字の通用字体,,3級
1485,吐,1. 常用漢字の通用字体,,4級
1486,妬,1. 常用漢字の通用字体,,2級
1487,徒,1. 常用漢字の通用字体,,7級
1488,途,1. 常用漢字の通用字体,,4級
1489,都,1. 常用漢字の通用字体,都,8級
1490,渡,1. 常用漢字の通用字体,,4級
1491,塗,1. 常用漢字の通用字体,,3級
1492,賭,1. 常用漢字の通用字体,,2級
1493,土,1. 常用漢字の通用字体,,10級
1494,奴,1. 常用漢字の通用字体,,4級
1495,努,1. 常用漢字の通用字体,,7級
1496,度,1. 常用漢字の通用字体,,8級
1497,怒,1. 常用漢字の通用字体,,4級
1498,刀,1. 常用漢字の通用字体,,9級
1499,冬,1. 常用漢字の通用字体,,9級
1500,灯,1. 常用漢字の通用字体,燈,7級
1501,当,1. 常用漢字の通用字体,,9級
1502,投,1. 常用漢字の通用字体,,8級
1503,豆,1. 常用漢字の通用字体,,8級
1504,東,1. 常用漢字の通用字体,,9級
1505,到,1. 常用漢字の通用字体,,4級
1506,逃,1. 常用漢字の通用字体,,4級
1507,倒,1. 常用漢字の通用字体,,4級
1508,凍,1. 常用漢字の通用字体,,3級
1509,唐,1. 常用漢字の通用字体,,4級
1510,島,1. 常用漢字の通用字体,嶋,8級
1511,桃,1. 常用漢字の通用字体,,4級
1512,討,1. 常用漢字の通用字体,,5級
1513,透,1. 常用漢字の通用字体,,4級
1514,党,1. 常用漢字の通用字体,,5級
1515,悼,1. 常用漢字の通用字体,,準2級
1516,盗,1. 常用漢字の通用字体,盜,4級
1517,陶,1. 常用漢字の通用字体,,3級
1518,塔,1. 常用漢字の通用字体,,4級
1519,搭,1. 常用漢字の通用字体,,準2級
1520,棟,1. 常用漢字の通用字体,,準2級
1521,湯,1. 常用漢字の通用字体,,8級
1522,痘,1. 常用漢字の通用字体,,3級
1523,登,1. 常用漢字の通用字体,,8級
1524,答,1. 常用漢字の通用字体,,9級
1525,等,1. 常用漢字の通用字体,,8級
1526,筒,1. 常用漢字の通用字体,,準2級
1527,統,1. 常用漢字の通用字体,,6級
1528,稲,1. 常用漢字の通用字体,稻,4級
1529,踏,1. 常用漢字の通用字体,,4級
1530,糖,1. 常用漢字の通用字体,,5級
1531,頭,1. 常用漢字の通用字体,,9級
1532,謄,1. 常用漢字の通用字体,,準2級
1533,藤,1. 常用漢字の通用字体,,2級
1534,闘,1. 常用漢字の通用字体,,4級
1535,騰,1. 常用漢字の通用字体,,準2級
1536,同,1. 常用漢字の通用字体,,9級
1537,洞,1. 常用漢字の通用字体,,準2級
1538,胴,1. 常用漢字の通用字体,,4級
1539,動,1. 常用漢字の通用字体,,8級
1540,堂,1. 常用漢字の通用字体,,6級
1541,童,1. 常用漢字の通用字体,,8級
1542,道,1. 常用漢字の通用字体,,9級
1543,働,1. 常用漢字の通用字体,,7級
1544,銅,1. 常用漢字の通用字体,,6級
1545,導,1. 常用漢字の通用字体,,6級
1546,瞳,1. 常用漢字の通用字体,,2級
1547,峠,1. 常用漢字の通用字体,,4級
1548,匿,1. 常用漢字の通用字体,,3級
1549,特,1. 常用漢字の通用字体,,7級
1550,得,1. 常用漢字の通用字体,,6級
1551,督,1. 常用漢字の通用字体,,準2級
1552,徳,1. 常用漢字の通用字体,德,7級
1553,篤,1. 常用漢字の通用字体,,3級
1554,毒,1. 常用漢字の通用字体,,6級
1555,独,1. 常用漢字の通用字体,,6級
1556,読,1. 常用漢字の通用字体,,9級
1557,栃,1. 常用漢字の通用字体,,7級
1558,凸,1. 常用漢字の通用字体,,準2級
1559,突,1. 常用漢字の通用字体,突,4級
1560,届,1. 常用漢字の通用字体,,5級
1561,屯,1. 常用漢字の通用字体,,準2級
1562,豚,1. 常用漢字の通用字体,,3級
1563,頓,1. 常用漢字の通用字体,,2級
1564,貪,1. 常用漢字の通用字体,,2級
1565,鈍,1. 常用漢字の通用字体,,4級
1566,曇,1. 常用漢字の通用字体,,4級
1567,丼,1. 常用漢字の通用字体,,2級
1568,那,1. 常用漢字の通用字体,,2級
1569,奈,1. 常用漢字の通用字体,,7級
1570,内,1. 常用漢字の通用字体,,9級
1571,梨,1. 常用漢字の通用字体,,7級
1572,謎,1. 常用漢字の通用字体,,2級
1573,鍋,1. 常用漢字の通用字体,,2級
1574,南,1. 常用漢字の通用字体,,9級
1575,軟,1. 常用漢字の通用字体,,準2級
1576,難,1. 常用漢字の通用字体,難,5級
1577,二,1. 常用漢字の通用字体,,10級
1578,尼,1. 常用漢字の通用字体,,準2級
1579,弐,1. 常用漢字の通用字体,,4級
1580,匂,1. 常用漢字の通用字体,,2級
1581,肉,1. 常用漢字の通用字体,,9級
1582,虹,1. 常用漢字の通用字体,,2級
1583,日,1. 常用漢字の通用字体,,10級
1584,入,1. 常用漢字の通用字体,,10級
1585,乳,1. 常用漢字の通用字体,,5級
1586,尿,1. 常用漢字の通用字体,,3級
1587,任,1. 常用漢字の通用字体,,6級
1588,妊,1. 常用漢字の通用字体,,準2級
1589,忍,1. 常用漢字の通用字体,,準2級
1590,認,1. 常用漢字の通用字体,,5級
1591,寧,1. 常用漢字の通用字体,,準2級
1592,熱,1. 常用漢字の通用字体,,7級
1593,年,1. 常用漢字の通用字体,,10級
1594,念,1. 常用漢字の通用字体,,7級
1595,捻,1. 常用漢字の通用字体,,2級
1596,粘,1. 常用漢字の通用字体,,3級
1597,燃,1. 常用漢字の通用字体,,6級
1598,悩,1. 常用漢字の通用字体,,4級
1599,納,1. 常用漢字の通用字体,,5級
1600,能,1. 常用漢字の通用字体,,6級
1601,脳,1. 常用漢字の通用字体,,5級
1602,農,1. 常用漢字の通用字体,,8級
1603,濃,1. 常用漢字の通用字体,,4級
1604,把,1. 常用漢字の通用字体,,準2級
1605,波,1. 常用漢字の通用字体,,8級
1606,派,1. 常用漢字の通用字体,,5級
1607,破,1. 常用漢字の通用字体,,6級
1608,覇,1. 常用漢字の通用字体,,準2級
1609,馬,1. 常用漢字の通用字体,,9級
1610,婆,1. 常用漢字の通用字体,,3級
1611,罵,1. 常用漢字の通用字体,,2級
1612,拝,1. 常用漢字の通用字体,拜,5級
1613,杯,1. 常用漢字の通用字体,盃,4級
1614,背,1. 常用漢字の通用字体,,5級
1615,肺,1. 常用漢字の通用字体,,5級
1616,俳,1. 常用漢字の通用字体,,5級
1617,配,1. 常用漢字の通用字体,,8級
1618,排,1. 常用漢字の通用字体,,3級
1619,敗,1. 常用漢字の通用字体,,7級
1620,廃,1. 常用漢字の通用字体,,準2級
1621,輩,1. 常用漢字の通用字体,,4級
1622,売,1. 常用漢字の通用字体,賣,9級
1623,倍,1. 常用漢字の通用字体,,8級
1624,梅,1. 常用漢字の通用字体,梅,7級
1625,培,1. 常用漢字の通用字体,,準2級
1626,陪,1. 常用漢字の通用字体,,3級
1627,媒,1. 常用漢字の通用字体,,準2級
1628,買,1. 常用漢字の通用字体,,9級
1629,賠,1. 常用漢字の通用字体,,準2級
1630,白,1. 常用漢字の通用字体,,10級
1631,伯,1. 常用漢字の通用字体,,準2級
1632,拍,1. 常用漢字の通用字体,,4級
1633,泊,1. 常用漢字の通用字体,,4級
1634,迫,1. 常用漢字の通用字体,,4級
1635,剝,1. 常用漢字の通用字体,,2級
1636,舶,1. 常用漢字の通用字体,,準2級
1637,博,1. 常用漢字の通用字体,,7級
1638,薄,1. 常用漢字の通用字体,,4級
1639,麦,1. 常用漢字の通用字体,,9級
1640,漠,1. 常用漢字の通用字体,,準2級
1641,縛,1. 常用漢字の通用字体,,3級
1642,爆,1. 常用漢字の通用字体,,4級
1643,箱,1. 常用漢字の通用字体,,8級
1644,箸,1. 常用漢字の通用字体,,2級
1645,畑,1. 常用漢字の通用字体,,8級
1646,肌,1. 常用漢字の通用字体,,準2級
1647,八,1. 常用漢字の通用字体,,10級
1648,鉢,1. 常用漢字の通用字体,,準2級
1649,発,1. 常用漢字の通用字体,,8級
1650,髪,1. 常用漢字の通用字体,髮,4級
1651,伐,1. 常用漢字の通用字体,,3級
1652,抜,1. 常用漢字の通用字体,拔,4級
1653,罰,1. 常用漢字の通用字体,,4級
1654,閥,1. 常用漢字の通用字体,,準2級
1655,反,1. 常用漢字の通用字体,,8級
1656,半,1. 常用漢字の通用字体,,9級
1657,氾,1. 常用漢字の通用字体,,2級
1658,犯,1. 常用漢字の通用字体,,6級
1659,帆,1. 常用漢字の通用字体,,3級
1660,汎,1. 常用漢字の通用字体,,2級
1661,伴,1. 常用漢字の通用字体,,3級
1662,判,1. 常用漢字の通用字体,,6級
1663,坂,1. 常用漢字の通用字体,,8級
1664,阪,1. 常用漢字の通用字体,,7級
1665,板,1. 常用漢字の通用字体,,8級
1666,版,1. 常用漢字の通用字体,,6級
1667,班,1. 常用漢字の通用字体,,5級
1668,畔,1. 常用漢字の通用字体,,3級
1669,般,1. 常用漢字の通用字体,,4級
1670,販,1. 常用漢字の通用字体,,4級
1671,斑,1. 常用漢字の通用字体,,2級
1672,飯,1. 常用漢字の通用字体,,7級
1673,搬,1. 常用漢字の通用字体,,4級
1674,煩,1. 常用漢字の通用字体,,準2級
1675,頒,1. 常用漢字の通用字体,,準2級
1676,範,1. 常用漢字の通用字体,,4級
1677,繁,1. 常用漢字の通用字体,繁,4級
1678,藩,1. 常用漢字の通用字体,,3級
1679,晩,1. 常用漢字の通用字体,晚,5級
1680,番,1. 常用漢字の通用字体,,9級
1681,蛮,1. 常用漢字の通用字体,,3級
1682,盤,1. 常用漢字の通用字体,,4級
1683,比,1. 常用漢字の通用字体,,6級
1684,皮,1. 常用漢字の通用字体,,8級
1685,妃,1. 常用漢字の通用字体,,準2級
1686,否,1. 常用漢字の通用字体,,5級
1687,批,1. 常用漢字の通用字体,,5級
1688,彼,1. 常用漢字の通用字体,,4級
1689,披,1. 常用漢字の通用字体,,準2級
1690,肥,1. 常用漢字の通用字体,,6級
1691,非,1. 常用漢字の通用字体,,6級
1692,卑,1. 常用漢字の通用字体,卑,3級
1693,飛,1. 常用漢字の通用字体,,7級
1694,疲,1. 常用漢字の通用字体,,4級
1695,秘,1. 常用漢字の通用字体,祕,5級
1696,被,1. 常用漢字の通用字体,,4級
1697,悲,1. 常用漢字の通用字体,,8級
1698,扉,1. 常用漢字の通用字体,,準2級
1699,費,1. 常用漢字の通用字体,,6級
1700,碑,1. 常用漢字の通用字体,碑,3級
1701,罷,1. 常用漢字の通用字体,,準2級
1702,避,1. 常用漢字の通用字体,,4級
1703,尾,1. 常用漢字の通用字体,,4級
1704,眉,1. 常用漢字の通用字体,,2級
1705,美,1. 常用漢字の通用字体,,8級
1706,備,1. 常用漢字の通用字体,,6級
1707,微,1. 常用漢字の通用字体,,4級
1708,鼻,1. 常用漢字の通用字体,,8級
1709,膝,1. 常用漢字の通用字体,,2級
1710,肘,1. 常用漢字の通用字体,,2級
1711,匹,1. 常用漢字の通用字体,,4級
1712,必,1. 常用漢字の通用字体,,7級
1713,泌,1. 常用漢字の通用字体,,3級
1714,筆,1. 常用漢字の通用字体,,8級
1715,姫,1. 常用漢字の通用字体,,3級
1716,百,1. 常用漢字の通用字体,,10級
1717,氷,1. 常用漢字の通用字体,,8級
1718,表,1. 常用漢字の通用字体,,8級
1719,俵,1. 常用漢字の通用字体,,5級
1720,票,1. 常用漢字の通用字体,,7級
1721,評,1. 常用漢字の通用字体,,6級
1722,漂,1. 常用漢字の通用字体,,3級
1723,標,1. 常用漢字の通用字体,,7級
1724,苗,1. 常用漢字の通用字体,,3級
1725,秒,1. 常用漢字の通用字体,,8級
1726,病,1. 常用漢字の通用字体,,8級
1727,描,1. 常用漢字の通用字体,,4級
1728,猫,1. 常用漢字の通用字体,,準2級
1729,品,1. 常用漢字の通用字体,,8級
1730,浜,1. 常用漢字の通用字体,,4級
1731,貧,1. 常用漢字の通用字体,,6級
1732,賓,1. 常用漢字の通用字体,賓,準2級
1733,頻,1. 常用漢字の通用字体,,準2級
1734,敏,1. 常用漢字の通用字体,敏,4級
1735,瓶,1. 常用漢字の通用字体,,準2級
1736,不,1. 常用漢字の通用字体,,7級
1737,夫,1. 常用漢字の通用字体,,7級
1738,父,1. 常用漢字の通用字体,,9級
1739,付,1. 常用漢字の通用字体,,7級
1740,布,1. 常用漢字の通用字体,,6級
1741,扶,1. 常用漢字の通用字体,,準2級
1742,府,1. 常用漢字の通用字体,,7級
1743,怖,1. 常用漢字の通用字体,,4級
1744,阜,1. 常用漢字の通用字体,,7級
1745,附,1. 常用漢字の通用字体,,準2級
1746,訃,1. 常用漢字の通用字体,,2級
1747,負,1. 常用漢字の通用字体,,8級
1748,赴,1. 常用漢字の通用字体,,3級
1749,浮,1. 常用漢字の通用字体,,4級
1750,婦,1. 常用漢字の通用字体,,6級
1751,符,1. 常用漢字の通用字体,,3級
1752,富,1. 常用漢字の通用字体,冨,7級
1753,普,1. 常用漢字の通用字体,,4級
1754,腐,1. 常用漢字の通用字体,,4級
1755,敷,1. 常用漢字の通用字体,,4級
1756,膚,1. 常用漢字の通用字体,,4級
1757,賦,1. 常用漢字の通用字体,,4級
1758,譜,1. 常用漢字の通用字体,,準2級
1759,侮,1. 常用漢字の通用字体,侮,準2級
1760,武,1. 常用漢字の通用字体,,6級
1761,部,1. 常用漢字の通用字体,,8級
1762,舞,1. 常用漢字の通用字体,,4級
1763,封,1. 常用漢字の通用字体,,3級
1764,風,1. 常用漢字の通用字体,,9級
1765,伏,1. 常用漢字の通用字体,,3級
1766,服,1. 常用漢字の通用字体,,8級
1767,副,1. 常用漢字の通用字体,,7級
1768,幅,1. 常用漢字の通用字体,,4級
1769,復,1. 常用漢字の通用字体,,6級
1770,福,1. 常用漢字の通用字体,福,8級
1771,腹,1. 常用漢字の通用字体,,5級
1772,複,1. 常用漢字の通用字体,,6級
1773,覆,1. 常用漢字の通用字体,,3級
1774,払,1. 常用漢字の通用字体,拂,4級
1775,沸,1. 常用漢字の通用字体,,準2級
1776,仏,1. 常用漢字の通用字体,佛,6級
1777,物,1. 常用漢字の通用字体,,8級
1778,粉,1. 常用漢字の通用字体,,6級
1779,紛,1. 常用漢字の通用字体,,3級
1780,雰,1. 常用漢字の通用字体,,準2級
1781,噴,1. 常用漢字の通用字体,,4級
1782,墳,1. 常用漢字の通用字体,,3級
1783,憤,1. 常用漢字の通用字体,,準2級
1784,奮,1. 常用漢字の通用字体,,5級
1785,分,1. 常用漢字の通用字体,,9級
1786,文,1. 常用漢字の通用字体,,10級
1787,聞,1. 常用漢字の通用字体,,9級
1788,丙,1. 常用漢字の通用字体,,準2級
1789,平,1. 常用漢字の通用字体,,8級
1790,兵,1. 常用漢字の通用字体,,7級
1791,併,1. 常用漢字の通用字体,,準2級
1792,並,1. 常用漢字の通用字体,,5級
1793,柄,1. 常用漢字の通用字体,,4級
1794,陛,1. 常用漢字の通用字体,,5級
1795,閉,1. 常用漢字の通用字体,,5級
1796,塀,1. 常用漢字の通用字体,,準2級
1797,幣,1. 常用漢字の通用字体,,準2級
1798,弊,1. 常用漢字の通用字体,,準2級
1799,蔽,1. 常用漢字の通用字体,,2級
1800,餅,1. 常用漢字の通用字体,,2級
1801,米,1. 常用漢字の通用字体,,9級
1802,壁,1. 常用漢字の通用字体,,4級
1803,璧,1. 常用漢字の通用字体,,2級
1804,癖,1. 常用漢字の通用字体,,3級
1805,別,1. 常用漢字の通用字体,,7級
1806,蔑,1. 常用漢字の通用字体,,2級
1807,片,1. 常用漢字の通用字体,,5級
1808,辺,1. 常用漢字の通用字体,,7級
1809,返,1. 常用漢字の通用字体,,8級
1810,変,1. 常用漢字の通用字体,,7級
1811,偏,1. 常用漢字の通用字体,,準2級
1812,遍,1. 常用漢字の通用字体,,準2級
1813,編,1. 常用漢字の通用字体,,6級
1814,弁,1. 常用漢字の通用字体,,6級
1815,便,1. 常用漢字の通用字体,,7級
1816,勉,1. 常用漢字の通用字体,勉,8級
1817,歩,1. 常用漢字の通用字体,步,9級
1818,保,1. 常用漢字の通用字体,,6級
1819,哺,1. 常用漢字の通用字体,,2級
1820,捕,1. 常用漢字の通用字体,,4級
1821,補,1. 常用漢字の通用字体,,5級
1822,舗,1. 常用漢字の通用字体,,4級
1823,母,1. 常用漢字の通用字体,,9級
1824,募,1. 常用漢字の通用字体,,3級
1825,墓,1. 常用漢字の通用字体,,6級
1826,慕,1. 常用漢字の通用字体,,3級
1827,暮,1. 常用漢字の通用字体,,5級
1828,簿,1. 常用漢字の通用字体,,3級
1829,方,1. 常用漢字の通用字体,,9級
1830,包,1. 常用漢字の通用字体,,7級
1831,芳,1. 常用漢字の通用字体,,3級
1832,邦,1. 常用漢字の通用字体,,3級
1833,奉,1. 常用漢字の通用字体,,3級
1834,宝,1. 常用漢字の通用字体,,5級
1835,抱,1. 常用漢字の通用字体,,4級
1836,放,1. 常用漢字の通用字体,,8級
1837,法,1. 常用漢字の通用字体,,7級
1838,泡,1. 常用漢字の通用字体,,準2級
1839,胞,1. 常用漢字の通用字体,,3級
1840,俸,1. 常用漢字の通用字体,,準2級
1841,倣,1. 常用漢字の通用字体,,3級
1842,峰,1. 常用漢字の通用字体,峯,4級
1843,砲,1. 常用漢字の通用字体,,4級
1844,崩,1. 常用漢字の通用字体,,3級
1845,訪,1. 常用漢字の通用字体,,5級
1846,報,1. 常用漢字の通用字体,,6級
1847,蜂,1. 常用漢字の通用字体,,2級
1848,豊,1. 常用漢字の通用字体,,6級
1849,飽,1. 常用漢字の通用字体,,3級
1850,褒,1. 常用漢字の通用字体,,準2級
1851,縫,1. 常用漢字の通用字体,,3級
1852,亡,1. 常用漢字の通用字体,,5級
1853,乏,1. 常用漢字の通用字体,,3級
1854,忙,1. 常用漢字の通用字体,,4級
1855,坊,1. 常用漢字の通用字体,,4級
1856,妨,1. 常用漢字の通用字体,,3級
1857,忘,1. 常用漢字の通用字体,,5級
1858,防,1. 常用漢字の通用字体,,6級
1859,房,1. 常用漢字の通用字体,,3級
1860,肪,1. 常用漢字の通用字体,,4級
1861,某,1. 常用漢字の通用字体,,3級
1862,冒,1. 常用漢字の通用字体,,4級
1863,剖,1. 常用漢字の通用字体,,準2級
1864,紡,1. 常用漢字の通用字体,,準2級
1865,望,1. 常用漢字の通用字体,,7級
1866,傍,1. 常用漢字の通用字体,,4級
1867,帽,1. 常用漢字の通用字体,,4級
1868,棒,1. 常用漢字の通用字体,,5級
1869,貿,1. 常用漢字の通用字体,,6級
1870,貌,1. 常用漢字の通用字体,,2級
1871,暴,1. 常用漢字の通用字体,,6級
1872,膨,1. 常用漢字の通用字体,,3級
1873,謀,1. 常用漢字の通用字体,,3級
1874,頰,1. 常用漢字の通用字体,,2級
1875,北,1. 常用漢字の通用字体,,9級
1876,木,1. 常用漢字の通用字体,,10級
1877,朴,1. 常用漢字の通用字体,,準2級
1878,牧,1. 常用漢字の通用字体,,7級
1879,睦,1. 常用漢字の通用字体,,2級
1880,僕,1. 常用漢字の通用字体,,準2級
1881,墨,1. 常用漢字の通用字体,墨,3級
1882,撲,1. 常用漢字の通用字体,,準2級
1883,没,1. 常用漢字の通用字体,,3級
1884,勃,1. 常用漢字の通用字体,,2級
1885,堀,1. 常用漢字の通用字体,,準2級
1886,本,1. 常用漢字の通用字体,,10級
1887,奔,1. 常用漢字の通用字体,,準2級
1888,翻,1. 常用漢字の通用字体,飜,3級
1889,凡,1. 常用漢字の通用字体,,4級
1890,盆,1. 常用漢字の通用字体,,4級
1891,麻,1. 常用漢字の通用字体,,準2級
1892,摩,1. 常用漢字の通用字体,,準2級
1893,磨,1. 常用漢字の通用字体,,準2級
1894,魔,1. 常用漢字の通用字体,,3級
1895,毎,1. 常用漢字の通用字体,每,9級
1896,妹,1. 常用漢字の通用字体,,9級
1897,枚,1. 常用漢字の通用字体,,5級
1898,昧,1. 常用漢字の通用字体,,2級
1899,埋,1. 常用漢字の通用字体,,3級
1900,幕,1. 常用漢字の通用字体,,5級
1901,膜,1. 常用漢字の通用字体,,3級
1902,枕,1. 常用漢字の通用字体,,2級
1903,又,1. 常用漢字の通用字体,,3級
1904,末,1. 常用漢字の通用字体,,7級
1905,抹,1. 常用漢字の通用字体,,準2級
1906,万,1. 常用漢字の通用字体,萬,9級
1907,満,1. 常用漢字の通用字体,,7級
1908,慢,1. 常用漢字の通用字体,,4級
1909,漫,1. 常用漢字の通用字体,,4級
1910,未,1. 常用漢字の通用字体,,7級
1911,味,1. 常用漢字の通用字体,,8級
1912,魅,1. 常用漢字の通用字体,,3級
1913,岬,1. 常用漢字の通用字体,,準2級
1914,密,1. 常用漢字の通用字体,,5級
1915,蜜,1. 常用漢字の通用字体,,2級
1916,脈,1. 常用漢字の通用字体,,6級
1917,妙,1. 常用漢字の通用字体,,4級
1918,民,1. 常用漢字の通用字体,,7級
1919,眠,1. 常用漢字の通用字体,,4級
1920,矛,1. 常用漢字の通用字体,,4級
1921,務,1. 常用漢字の通用字体,,6級
1922,無,1. 常用漢字の通用字体,,7級
1923,夢,1. 常用漢字の通用字体,,6級
1924,霧,1. 常用漢字の通用字体,,4級
1925,娘,1. 常用漢字の通用字体,,4級
1926,名,1. 常用漢字の通用字体,,10級
1927,命,1. 常用漢字の通用字体,,8級
1928,明,1. 常用漢字の通用字体,,9級
1929,迷,1. 常用漢字の通用字体,,6級
1930,冥,1. 常用漢字の通用字体,,2級
1931,盟,1. 常用漢字の通用字体,,5級
1932,銘,1. 常用漢字の通用字体,,準2級
1933,鳴,1. 常用漢字の通用字体,,9級
1934,滅,1. 常用漢字の通用字体,,3級
1935,免,1. 常用漢字の通用字体,,3級
1936,面,1. 常用漢字の通用字体,,8級
1937,綿,1. 常用漢字の通用字体,,6級
1938,麺,1. 常用漢字の通用字体,,2級
1939,茂,1. 常用漢字の通用字体,,4級
1940,模,1. 常用漢字の通用字体,,5級
1941,毛,1. 常用漢字の通用字体,,9級
1942,妄,1. 常用漢字の通用字体,,準2級
1943,盲,1. 常用漢字の通用字体,,準2級
1944,耗,1. 常用漢字の通用字体,,準2級
1945,猛,1. 常用漢字の通用字体,,4級
1946,網,1. 常用漢字の通用字体,,4級
1947,目,1. 常用漢字の通用字体,,10級
1948,黙,1. 常用漢字の通用字体,默,4級
1949,門,1. 常用漢字の通用字体,,9級
1950,紋,1. 常用漢字の通用字体,,4級
1951,問,1. 常用漢字の通用字体,,8級
1952,冶,1. 常用漢字の通用字体,,2級
1953,夜,1. 常用漢字の通用字体,,9級
1954,野,1. 常用漢字の通用字体,埜,9級
1955,弥,1. 常用漢字の通用字体,彌,2級
1956,厄,1. 常用漢字の通用字体,,準2級
1957,役,1. 常用漢字の通用字体,,8級
1958,約,1. 常用漢字の通用字体,,7級
1959,訳,1. 常用漢字の通用字体,,5級
1960,薬,1. 常用漢字の通用字体,藥,8級
1961,躍,1. 常用漢字の通用字体,,4級
1962,闇,1. 常用漢字の通用字体,,2級
1963,由,1. 常用漢字の通用字体,,8級
1964,油,1. 常用漢字の通用字体,,8級
1965,喩,1. 常用漢字の通用字体,,2級
1966,愉,1. 常用漢字の通用字体,,準2級
1967,諭,1. 常用漢字の通用字体,,準2級
1968,輸,1. 常用漢字の通用字体,,6級
1969,癒,1. 常用漢字の通用字体,,準2級
1970,唯,1. 常用漢字の通用字体,,準2級
1971,友,1. 常用漢字の通用字体,,9級
1972,有,1. 常用漢字の通用字体,,8級
1973,勇,1. 常用漢字の通用字体,,7級
1974,幽,1. 常用漢字の通用字体,,3級
1975,悠,1. 常用漢字の通用字体,,準2級
1976,郵,1. 常用漢字の通用字体,,5級
1977,湧,1. 常用漢字の通用字体,,2級
1978,猶,1. 常用漢字の通用字体,,準2級
1979,裕,1. 常用漢字の通用字体,,準2級
1980,遊,1. 常用漢字の通用字体,,8級
1981,雄,1. 常用漢字の通用字体,,4級
1982,誘,1. 常用漢字の通用字体,,3級
1983,憂,1. 常用漢字の通用字体,,3級
1984,融,1. 常用漢字の通用字体,,準2級
1985,優,1. 常用漢字の通用字体,,5級
1986,与,1. 常用漢字の通用字体,與,4級
1987,予,1. 常用漢字の通用字体,,8級
1988,余,1. 常用漢字の通用字体,,6級
1989,誉,1. 常用漢字の通用字体,,4級
1990,預,1. 常用漢字の通用字体,,5級
1991,幼,1. 常用漢字の通用字体,,5級
1992,用,1. 常用漢字の通用字体,,9級
1993,羊,1. 常用漢字の通用字体,,8級
1994,妖,1. 常用漢字の通用字体,,2級
1995,洋,1. 常用漢字の通用字体,,8級
1996,要,1. 常用漢字の通用字体,,7級
1997,容,1. 常用漢字の通用字体,,6級
1998,庸,1. 常用漢字の通用字体,,準2級
1999,揚,1. 常用漢字の通用字体,,3級
2000,揺,1. 常用漢字の通用字体,搖,3級
2001,葉,1. 常用漢字の通用字体,,8級
2002,陽,1. 常用漢字の通用字体,,8級
2003,溶,1. 常用漢字の通用字体,,4級
2004,腰,1. 常用漢字の通用字体,,4級
2005,様,1. 常用漢字の通用字体,樣,8級
2006,瘍,1. 常用漢字の通用字体,,2級
2007,踊,1. 常用漢字の通用字体,,4級
2008,窯,1. 常用漢字の通用字体,,準2級
2009,養,1. 常用漢字の通用字体,,7級
2010,擁,1. 常用漢字の通用字体,,3級
2011,謡,1. 常用漢字の通用字体,謠,4級
2012,曜,1. 常用漢字の通用字体,,9級
2013,抑,1. 常用漢字の通用字体,,3級
2014,沃,1. 常用漢字の通用字体,,2級
2015,浴,1. 常用漢字の通用字体,,7級
2016,欲,1. 常用漢字の通用字体,,5級
2017,翌,1. 常用漢字の通用字体,,5級
2018,翼,1. 常用漢字の通用字体,,4級
2019,拉,1. 常用漢字の通用字体,,2級
2020,裸,1. 常用漢字の通用字体,,3級
2021,羅,1. 常用漢字の通用字体,,準2級
2022,来,1. 常用漢字の通用字体,來,9級
2023,雷,1. 常用漢字の通用字体,,4級
2024,頼,1. 常用漢字の通用字体,賴,4級
2025,絡,1. 常用漢字の通用字体,,4級
2026,落,1. 常用漢字の通用字体,,8級
2027,酪,1. 常用漢字の通用字体,,準2級
2028,辣,1. 常用漢字の通用字体,,2級
2029,乱,1. 常用漢字の通用字体,,5級
2030,卵,1. 常用漢字の通用字体,,5級
2031,覧,1. 常用漢字の通用字体,覽,5級
2032,濫,1. 常用漢字の通用字体,,3級
2033,藍,1. 常用漢字の通用字体,,2級
2034,欄,1. 常用漢字の通用字体,欄,4級
2035,吏,1. 常用漢字の通用字体,,3級
2036,利,1. 常用漢字の通用字体,,7級
2037,里,1. 常用漢字の通用字体,,9級
2038,理,1. 常用漢字の通用字体,,9級
2039,痢,1. 常用漢字の通用字体,,準2級
2040,裏,1. 常用漢字の通用字体,,5級
2041,履,1. 常用漢字の通用字体,,準2級
2042,璃,1. 常用漢字の通用字体,,2級
2043,離,1. 常用漢字の通用字体,,4級
2044,陸,1. 常用漢字の通用字体,,7級
2045,立,1. 常用漢字の通用字体,,10級
2046,律,1. 常用漢字の通用字体,,5級
2047,慄,1. 常用漢字の通用字体,,2級
2048,略,1. 常用漢字の通用字体,,6級
2049,柳,1. 常用漢字の通用字体,,準2級
2050,流,1. 常用漢字の通用字体,,8級
2051,留,1. 常用漢字の通用字体,,6級
2052,竜,1. 常用漢字の通用字体,龍,準2級
2053,粒,1. 常用漢字の通用字体,,4級
2054,隆,1. 常用漢字の通用字体,,3級
2055,硫,1. 常用漢字の通用字体,,準2級
2056,侶,1. 常用漢字の通用字体,,2級
2057,旅,1. 常用漢字の通用字体,,8級
2058,虜,1. 常用漢字の通用字体,虜,準2級
2059,慮,1. 常用漢字の通用字体,,4級
2060,了,1. 常用漢字の通用字体,,3級
2061,両,1. 常用漢字の通用字体,,8級
2062,良,1. 常用漢字の通用字体,,7級
2063,料,1. 常用漢字の通用字体,,7級
2064,涼,1. 常用漢字の通用字体,凉,準2級
2065,猟,1. 常用漢字の通用字体,,3級
2066,陵,1. 常用漢字の通用字体,,3級
2067,量,1. 常用漢字の通用字体,,7級
2068,僚,1. 常用漢字の通用字体,,準2級
2069,領,1. 常用漢字の通用字体,,6級
2070,寮,1. 常用漢字の通用字体,,準2級
2071,療,1. 常用漢字の通用字体,,4級
2072,瞭,1. 常用漢字の通用字体,,2級
2073,糧,1. 常用漢字の通用字体,,3級
2074,力,1. 常用漢字の通用字体,,10級
2075,緑,1. 常用漢字の通用字体,綠,8級
2076,林,1. 常用漢字の通用字体,,10級
2077,厘,1. 常用漢字の通用字体,,3級
2078,倫,1. 常用漢字の通用字体,,準2級
2079,輪,1. 常用漢字の通用字体,,7級
2080,隣,1. 常用漢字の通用字体,,4級
2081,臨,1. 常用漢字の通用字体,,5級
2082,瑠,1. 常用漢字の通用字体,,2級
2083,涙,1. 常用漢字の通用字体,淚,4級
2084,累,1. 常用漢字の通用字体,,準2級
2085,塁,1. 常用漢字の通用字体,壘,準2級
2086,類,1. 常用漢字の通用字体,類,7級
2087,令,1. 常用漢字の通用字体,,7級
2088,礼,1. 常用漢字の通用字体,禮,8級
2089,冷,1. 常用漢字の通用字体,,7級
2090,励,1. 常用漢字の通用字体,,3級
2091,戻,1. 常用漢字の通用字体,,準2級
2092,例,1. 常用漢字の通用字体,,7級
2093,鈴,1. 常用漢字の通用字体,,準2級
2094,零,1. 常用漢字の通用字体,,3級
2095,霊,1. 常用漢字の通用字体,,3級
2096,隷,1. 常用漢字の通用字体,,4級
2097,齢,1. 常用漢字の通用字体,,4級
2098,麗,1. 常用漢字の通用字体,,4級
2099,暦,1. 常用漢字の通用字体,曆,4級
2100,歴,1. 常用漢字の通用字体,歷,6級
2101,列,1. 常用漢字の通用字体,,8級
2102,劣,1. 常用漢字の通用字体,,4級
2103,烈,1. 常用漢字の通用字体,,4級
2104,裂,1. 常用漢字の通用字体,,3級
2105,恋,1. 常用漢字の通用字体,,4級
2106,連,1. 常用漢字の通用字体,,7級
2107,廉,1. 常用漢字の通用字体,,3級
2108,練,1. 常用漢字の通用字体,練,8級
2109,錬,1. 常用漢字の通用字体,鍊,3級
2110,呂,1. 常用漢字の通用字体,,2級
2111,炉,1. 常用漢字の通用字体,,3級
2112,賂,1. 常用漢字の通用字体,,2級
2113,路,1. 常用漢字の通用字体,,8級
2114,露,1. 常用漢字の通用字体,,4級
2115,老,1. 常用漢字の通用字体,,7級
2116,労,1. 常用漢字の通用字体,,7級
2117,弄,1. 常用漢字の通用字体,,2級
2118,郎,1. 常用漢字の通用字体,郞,4級
2119,朗,1. 常用漢字の通用字体,朗,5級
2120,浪,1. 常用漢字の通用字体,,3級
2121,廊,1. 常用漢字の通用字体,廊,3級
2122,楼,1. 常用漢字の通用字体,,3級
2123,漏,1. 常用漢字の通用字体,,3級
2124,籠,1. 常用漢字の通用字体,,2級
2125,六,1. 常用漢字の通用字体,,10級
2126,録,1. 常用漢字の通用字体,錄,7級
2127,麓,1. 常用漢字の通用字体,,2級
2128,論,1. 常用漢字の通用字体,,5級
2129,和,1. 常用漢字の通用字体,,8級
2130,話,1. 常用漢字の通用字体,,9級
2131,賄,1. 常用漢字の通用字体,,準2級
2132,脇,1. 常用漢字の通用字体,,2級
2133,惑,1. 常用漢字の通用字体,,4級
2134,枠,1. 常用漢字の通用字体,,準2級
2135,湾,1. 常用漢字の通用字体,,3級
2136,腕,1. 常用漢字の通用字体,,4級
2137,亞,3. 常用漢字の異体字,亜,2~10級以外
2138,惡,3. 常用漢字の異体字,悪,2~10級以外
2139,爲,3. 常用漢字の異体字,為,2~10級以外
2140,逸,3. 常用漢字の異体字,逸,2~10級以外
2141,榮,3. 常用漢字の異体字,栄,2~10級以外
2142,衞,3. 常用漢字の異体字,衛,2~10級以外
2143,謁,3. 常用漢字の異体字,謁,2~10級以外
2144,圓,3. 常用漢字の異体字,円,2~10級以外
2145,緣,3. 常用漢字の異体字,縁,2~10級以外
2146,薗,3. 常用漢字の異体字,園,2~10級以外
2147,應,3. 常用漢字の異体字,応,2~10級以外
2148,櫻,3. 常用漢字の異体字,桜,2~10級以外
2149,奧,3. 常用漢字の異体字,奥,2~10級以外
2150,橫,3. 常用漢字の異体字,横,2~10級以外
2151,溫,3. 常用漢字の異体字,温,2~10級以外
2152,價,3. 常用漢字の異体字,価,2~10級以外
2153,禍,3. 常用漢字の異体字,禍,2~10級以外
2154,悔,3. 常用漢字の異体字,悔,2~10級以外
2155,海,3. 常用漢字の異体字,海,2~10級以外
2156,壞,3. 常用漢字の異体字,壊,2~10級以外
2157,懷,3. 常用漢字の異体字,懐,2~10級以外
2158,樂,3. 常用漢字の異体字,楽,2~10級以外
2159,渴,3. 常用漢字の異体字,渇,2~10級以外
2160,卷,3. 常用漢字の異体字,巻,2~10級以外
2161,陷,3. 常用漢字の異体字,陥,2~10級以外
2162,寬,3. 常用漢字の異体字,寛,2~10級以外
2163,漢,3. 常用漢字の異体字,漢,2~10級以外
2164,氣,3. 常用漢字の異体字,気,2~10級以外
2165,祈,3. 常用漢字の異体字,祈,2~10級以外
2166,器,3. 常用漢字の異体字,器,2~10級以外
2167,僞,3. 常用漢字の異体字,偽,2~10級以外
2168,戲,3. 常用漢字の異体字,戯,2~10級以外
2169,虛,3. 常用漢字の異体字,虚,2~10級以外
2170,峽,3. 常用漢字の異体字,峡,2~10級以外
2171,狹,3. 常用漢字の異体字,狭,2~10級以外
2172,響,3. 常用漢字の異体字,響,2~10級以外
2173,曉,3. 常用漢字の異体字,暁,2~10級以外
2174,勤,3. 常用漢字の異体字,勤,2~10級以外
2175,謹,3. 常用漢字の異体字,謹,2~10級以外
2176,駈,3. 常用漢字の異体字,駆,2~10級以外
2177,勳,3. 常用漢字の異体字,勲,2~10級以外
2178,薰,3. 常用漢字の異体字,薫,2~10級以外
2179,惠,3. 常用漢字の異体字,恵,2~10級以外
2180,揭,3. 常用漢字の異体字,掲,2~10級以外
2181,鷄,3. 常用漢字の異体字,鶏,2~10級以外
2182,藝,3. 常用漢字の異体字,芸,2~10級以外
2183,擊,3. 常用漢字の異体字,撃,2~10級以外
2184,縣,3. 常用漢字の異体字,県,2~10級以外
2185,儉,3. 常用漢字の異体字,倹,2~10級以外
2186,劍,3. 常用漢字の異体字,剣,2~10級以外
2187,險,3. 常用漢字の異体字,険,2~10級以外
2188,圈,3. 常用漢字の異体字,圏,2~10級以外
2189,檢,3. 常用漢字の異体字,検,2~10級以外
2190,顯,3. 常用漢字の異体字,顕,2~10級以外
2191,驗,3. 常用漢字の異体字,験,2~10級以外
2192,嚴,3. 常用漢字の異体字,厳,2~10級以外
2193,廣,3. 常用漢字の異体字,広,2~10級以外
2194,恆,3. 常用漢字の異体字,恒,2~10級以外
2195,黃,3. 常用漢字の異体字,黄,2~10級以外
2196,國,3. 常用漢字の異体字,国,2~10級以外
2197,黑,3. 常用漢字の異体字,黒,2~10級以外
2198,穀,3. 常用漢字の異体字,穀,2~10級以外
2199,碎,3. 常用漢字の異体字,砕,2~10級以外
2200,雜,3. 常用漢字の異体字,雑,2~10級以外
2201,祉,3. 常用漢字の異体字,祉,2~10級以外
2202,視,3. 常用漢字の異体字,視,2~10級以外
2203,兒,3. 常用漢字の異体字,児,2~10級以外
2204,濕,3. 常用漢字の異体字,湿,2~10級以外
2205,實,3. 常用漢字の異体字,実,2~10級以外
2206,社,3. 常用漢字の異体字,社,2~10級以外
2207,者,3. 常用漢字の異体字,者,2~10級以外
2208,煮,3. 常用漢字の異体字,煮,2~10級以外
2209,壽,3. 常用漢字の異体字,寿,2~10級以外
2210,收,3. 常用漢字の異体字,収,2~10級以外
2211,臭,3. 常用漢字の異体字,臭,2~10級以外
2212,從,3. 常用漢字の異体字,従,2~10級以外
2213,澁,3. 常用漢字の異体字,渋,2~10級以外
2214,獸,3. 常用漢字の異体字,獣,2~10級以外
2215,縱,3. 常用漢字の異体字,縦,2~10級以外
2216,祝,3. 常用漢字の異体字,祝,2~10級以外
2217,暑,3. 常用漢字の異体字,暑,2~10級以外
2218,署,3. 常用漢字の異体字,署,2~10級以外
2219,緖,3. 常用漢字の異体字,緒,2~10級以外
2220,諸,3. 常用漢字の異体字,諸,2~10級以外
2221,敍,3. 常用漢字の異体字,叙,2~10級以外
2222,將,3. 常用漢字の異体字,将,2~10級以外
2223,祥,3. 常用漢字の異体字,祥,2~10級以外
2224,涉,3. 常用漢字の異体字,渉,2~10級以外
2225,燒,3. 常用漢字の異体字,焼,2~10級以外
2226,奬,3. 常用漢字の異体字,奨,2~10級以外
2227,條,3. 常用漢字の異体字,条,2~10級以外
2228,狀,3. 常用漢字の異体字,状,2~10級以外
2229,乘,3. 常用漢字の異体字,乗,2~10級以外
2230,淨,3. 常用漢字の異体字,浄,2~10級以外
2231,剩,3. 常用漢字の異体字,剰,2~10級以外
2232,疊,3. 常用漢字の異体字,畳,2~10級以外
2233,孃,3. 常用漢字の異体字,嬢,2~10級以外
2234,讓,3. 常用漢字の異体字,譲,2~10級以外
2235,釀,3. 常用漢字の異体字,醸,2~10級以外
2236,神,3. 常用漢字の異体字,神,2~10級以外
2237,眞,3. 常用漢字の異体字,真,2~10級以外
2238,寢,3. 常用漢字の異体字,寝,2~10級以外
2239,愼,3. 常用漢字の異体字,慎,2~10級以外
2240,盡,3. 常用漢字の異体字,尽,2~10級以外
2241,粹,3. 常用漢字の異体字,粋,2~10級以外
2242,醉,3. 常用漢字の異体字,酔,2~10級以外
2243,穗,3. 常用漢字の異体字,穂,2~10級以外
2244,瀨,3. 常用漢字の異体字,瀬,2~10級以外
2245,齊,3. 常用漢字の異体字,斉,2~10級以外
2246,靜,3. 常用漢字の異体字,静,2~10級以外
2247,攝,3. 常用漢字の異体字,摂,2~10級以外
2248,節,3. 常用漢字の異体字,節,2~10級以外
2249,專,3. 常用漢字の異体字,専,2~10級以外
2250,戰,3. 常用漢字の異体字,戦,2~10級以外
2251,纖,3. 常用漢字の異体字,繊,2~10級以外
2252,禪,3. 常用漢字の異体字,禅,2~10級以外
2253,祖,3. 常用漢字の異体字,祖,2~10級以外
2254,壯,3. 常用漢字の異体字,壮,2~10級以外
2255,爭,3. 常用漢字の異体字,争,2~10級以外
2256,莊,3. 常用漢字の異体字,荘,2~10級以外
2257,搜,3. 常用漢字の異体字,捜,2~10級以外
2258,巢,3. 常用漢字の異体字,巣,2~10級以外
2259,曾,3. 常用漢字の異体字,曽,2~10級以外
2260,裝,3. 常用漢字の異体字,装,2~10級以外
2261,僧,3. 常用漢字の異体字,僧,2~10級以外
2262,層,3. 常用漢字の異体字,層,2~10級以外
2263,瘦,3. 常用漢字の異体字,痩,2~10級以外
2264,騷,3. 常用漢字の異体字,騒,2~10級以外
2265,增,3. 常用漢字の異体字,増,2~10級以外
2266,憎,3. 常用漢字の異体字,憎,2~10級以外
2267,藏,3. 常用漢字の異体字,蔵,2~10級以外
2268,贈,3. 常用漢字の異体字,贈,2~10級以外
2269,臟,3. 常用漢字の異体字,臓,2~10級以外
2270,卽,3. 常用漢字の異体字,即,2~10級以外
2271,帶,3. 常用漢字の異体字,帯,2~10級以外
2272,滯,3. 常用漢字の異体字,滞,2~10級以外
2273,瀧,3. 常用漢字の異体字,滝,2~10級以外
2274,單,3. 常用漢字の異体字,単,2~10級以外
2275,嘆,3. 常用漢字の異体字,嘆,2~10級以外
2276,團,3. 常用漢字の異体字,団,2~10級以外
2277,彈,3. 常用漢字の異体字,弾,2~10級以外
2278,晝,3. 常用漢字の異体字,昼,2~10級以外
2279,鑄,3. 常用漢字の異体字,鋳,2~10級以外
2280,著,3. 常用漢字の異体字,著,2~10級以外
2281,廳,3. 常用漢字の異体字,庁,2~10級以外
2282,徵,3. 常用漢字の異体字,徴,2~10級以外
2283,聽,3. 常用漢字の異体字,聴,2~10級以外
2284,懲,3. 常用漢字の異体字,懲,2~10級以外
2285,鎭,3. 常用漢字の異体字,鎮,2~10級以外
2286,轉,3. 常用漢字の異体字,転,2~10級以外
2287,傳,3. 常用漢字の異体字,伝,2~10級以外
2288,都,3. 常用漢字の異体字,都,2~10級以外
2289,嶋,3. 常用漢字の異体字,島,2~10級以外
2290,燈,3. 常用漢字の異体字,灯,2~10級以外
2291,盜,3. 常用漢字の異体字,盗,2~10級以外
2292,稻,3. 常用漢字の異体字,稲,2~10級以外
2293,德,3. 常用漢字の異体字,徳,2~10級以外
2294,突,3. 常用漢字の異体字,突,2~10級以外
2295,難,3. 常用漢字の異体字,難,2~10級以外
2296,拜,3. 常用漢字の異体字,拝,2~10級以外
2297,盃,3. 常用漢字の異体字,杯,2~10級以外
2298,賣,3. 常用漢字の異体字,売,2~10級以外
2299,梅,3. 常用漢字の異体字,梅,2~10級以外
2300,髮,3. 常用漢字の異体字,髪,2~10級以外
2301,拔,3. 常用漢字の異体字,抜,2~10級以外
2302,繁,3. 常用漢字の異体字,繁,2~10級以外
2303,晚,3. 常用漢字の異体字,晩,2~10級以外
2304,卑,3. 常用漢字の異体字,卑,2~10級以外
2305,祕,3. 常用漢字の異体字,秘,2~10級以外
2306,碑,3. 常用漢字の異体字,碑,2~10級以外
2307,賓,3. 常用漢字の異体字,賓,2~10級以外
2308,敏,3. 常用漢字の異体字,敏,2~10級以外
2309,冨,3. 常用漢字の異体字,富,2~10級以外
2310,侮,3. 常用漢字の異体字,侮,2~10級以外
2311,福,3. 常用漢字の異体字,福,2~10級以外
2312,拂,3. 常用漢字の異体字,払,2~10級以外
2313,佛,3. 常用漢字の異体字,仏,2~10級以外
2314,勉,3. 常用漢字の異体字,勉,2~10級以外
2315,步,3. 常用漢字の異体字,歩,2~10級以外
2316,峯,3. 常用漢字の異体字,峰,2~10級以外
2317,墨,3. 常用漢字の異体字,墨,2~10級以外
2318,飜,3. 常用漢字の異体字,翻,2~10級以外
2319,每,3. 常用漢字の異体字,毎,2~10級以外
2320,萬,3. 常用漢字の異体字,万,2~10級以外
2321,默,3. 常用漢字の異体字,黙,2~10級以外
2322,埜,3. 常用漢字の異体字,野,2~10級以外
2323,彌,3. 常用漢字の異体字,弥,2~10級以外
2324,藥,3. 常用漢字の異体字,薬,2~10級以外
2325,與,3. 常用漢字の異体字,与,2~10級以外
2326,搖,3. 常用漢字の異体字,揺,2~10級以外
2327,樣,3. 常用漢字の異体字,様,2~10級以外
2328,謠,3. 常用漢字の異体字,謡,2~10級以外
2329,來,3. 常用漢字の異体字,来,2~10級以外
2330,賴,3. 常用漢字の異体字,頼,2~10級以外
2331,覽,3. 常用漢字の異体字,覧,2~10級以外
2332,欄,3. 常用漢字の異体字,欄,2~10級以外
2333,龍,3. 常用漢字の異体字,竜,2~10級以外
2334,虜,3. 常用漢字の異体字,虜,2~10級以外
2335,凉,3. 常用漢字の異体字,涼,2~10級以外
2336,綠,3. 常用漢字の異体字,緑,2~10級以外
2337,淚,3. 常用漢字の異体字,涙,2~10級以外
2338,壘,3. 常用漢字の異体字,塁,2~10級以外
2339,類,3. 常用漢字の異体字,類,2~10級以外
2340,禮,3. 常用漢字の異体字,礼,2~10級以外
2341,曆,3. 常用漢字の異体字,暦,2~10級以外
2342,歷,3. 常用漢字の異体字,歴,2~10級以外
2343,練,3. 常用漢字の異体字,練,2~10級以外
2344,鍊,3. 常用漢字の異体字,錬,2~10級以外
2345,郞,3. 常用漢字の異体字,郎,2~10級以外
2346,朗,3. 常用漢字の異体字,朗,2~10級以外
2347,廊,3. 常用漢字の異体字,廊,2~10級以外
2348,錄,3. 常用漢字の異体字,録,2~10級以外
2349,丑,2. 常用漢字外,,2~10級以外
2350,丞,2. 常用漢字外,,2~10級以外
2351,乃,2. 常用漢字外,,2~10級以外
2352,之,2. 常用漢字外,,2~10級以外
2353,乎,2. 常用漢字外,,2~10級以外
2354,也,2. 常用漢字外,,2~10級以外
2355,云,2. 常用漢字外,,2~10級以外
2356,亘,2. 常用漢字外,亙,2~10級以外
2357,些,2. 常用漢字外,,2~10級以外
2358,亦,2. 常用漢字外,,2~10級以外
2359,亥,2. 常用漢字外,,2~10級以外
2360,亨,2. 常用漢字外,,2~10級以外
2361,亮,2. 常用漢字外,,2~10級以外
2362,仔,2. 常用漢字外,,2~10級以外
2363,伊,2. 常用漢字外,,2~10級以外
2364,伍,2. 常用漢字外,,2~10級以外
2365,伽,2. 常用漢字外,,2~10級以外
2366,佃,2. 常用漢字外,,2~10級以外
2367,佑,2. 常用漢字外,,2~10級以外
2368,伶,2. 常用漢字外,,2~10級以外
2369,侃,2. 常用漢字外,,2~10級以外
2370,侑,2. 常用漢字外,,2~10級以外
2371,俄,2. 常用漢字外,,2~10級以外
2372,俠,2. 常用漢字外,,2~10級以外
2373,俣,2. 常用漢字外,,2~10級以外
2374,俐,2. 常用漢字外,,2~10級以外
2375,倭,2. 常用漢字外,,2~10級以外
2376,俱,2. 常用漢字外,,2~10級以外
2377,倦,2. 常用漢字外,,2~10級以外
2378,倖,2. 常用漢字外,,2~10級以外
2379,偲,2. 常用漢字外,,2~10級以外
2380,傭,2. 常用漢字外,,2~10級以外
2381,儲,2. 常用漢字外,,2~10級以外
2382,允,2. 常用漢字外,,2~10級以外
2383,兎,2. 常用漢字外,,2~10級以外
2384,兜,2. 常用漢字外,,2~10級以外
2385,其,2. 常用漢字外,,2~10級以外
2386,冴,2. 常用漢字外,,2~10級以外
2387,凌,2. 常用漢字外,,2~10級以外
2388,凜,2. 常用漢字外,凛,2~10級以外
2389,凧,2. 常用漢字外,,2~10級以外
2390,凪,2. 常用漢字外,,2~10級以外
2391,凰,2. 常用漢字外,,2~10級以外
2392,凱,2. 常用漢字外,,2~10級以外
2393,函,2. 常用漢字外,,2~10級以外
2394,劉,2. 常用漢字外,,2~10級以外
2395,劫,2. 常用漢字外,,2~10級以外
2396,勁,2. 常用漢字外,,2~10級以外
2397,勺,2. 常用漢字外,,2~10級以外
2398,勿,2. 常用漢字外,,2~10級以外
2399,匁,2. 常用漢字外,,2~10級以外
2400,匡,2. 常用漢字外,,2~10級以外
2401,廿,2. 常用漢字外,,2~10級以外
2402,卜,2. 常用漢字外,,2~10級以外
2403,卯,2. 常用漢字外,,2~10級以外
2404,卿,2. 常用漢字外,,2~10級以外
2405,厨,2. 常用漢字外,,2~10級以外
2406,厩,2. 常用漢字外,,2~10級以外
2407,叉,2. 常用漢字外,,2~10級以外
2408,叡,2. 常用漢字外,,2~10級以外
2409,叢,2. 常用漢字外,,2~10級以外
2410,叶,2. 常用漢字外,,2~10級以外
2411,只,2. 常用漢字外,,2~10級以外
2412,吾,2. 常用漢字外,,2~10級以外
2413,吞,2. 常用漢字外,,2~10級以外
2414,吻,2. 常用漢字外,,2~10級以外
2415,哉,2. 常用漢字外,,2~10級以外
2416,哨,2. 常用漢字外,,2~10級以外
2417,啄,2. 常用漢字外,,2~10級以外
2418,哩,2. 常用漢字外,,2~10級以外
2419,喬,2. 常用漢字外,,2~10級以外
2420,喧,2. 常用漢字外,,2~10級以外
2421,喰,2. 常用漢字外,,2~10級以外
2422,喋,2. 常用漢字外,,2~10級以外
2423,嘩,2. 常用漢字外,,2~10級以外
2424,嘉,2. 常用漢字外,,2~10級以外
2425,嘗,2. 常用漢字外,,2~10級以外
2426,噌,2. 常用漢字外,,2~10級以外
2427,噂,2. 常用漢字外,,2~10級以外
2428,圃,2. 常用漢字外,,2~10級以外
2429,圭,2. 常用漢字外,,2~10級以外
2430,坐,2. 常用漢字外,,2~10級以外
2431,尭,2. 常用漢字外,堯,2~10級以外
2432,坦,2. 常用漢字外,,2~10級以外
2433,埴,2. 常用漢字外,,2~10級以外
2434,堰,2. 常用漢字外,,2~10級以外
2435,堺,2. 常用漢字外,,2~10級以外
2436,堵,2. 常用漢字外,,2~10級以外
2437,塙,2. 常用漢字外,,2~10級以外
2438,壕,2. 常用漢字外,,2~10級以外
2439,壬,2. 常用漢字外,,2~10級以外
2440,夷,2. 常用漢字外,,2~10級以外
2441,奄,2. 常用漢字外,,2~10級以外
2442,奎,2. 常用漢字外,,2~10級以外
2443,套,2. 常用漢字外,,2~10級以外
2444,娃,2. 常用漢字外,,2~10級以外
2445,姪,2. 常用漢字外,,2~10級以外
2446,姥,2. 常用漢字外,,2~10級以外
2447,娩,2. 常用漢字外,,2~10級以外
2448,嬉,2. 常用漢字外,,2~10級以外
2449,孟,2. 常用漢字外,,2~10級以外
2450,宏,2. 常用漢字外,,2~10級以外
2451,宋,2. 常用漢字外,,2~10級以外
2452,宕,2. 常用漢字外,,2~10級以外
2453,宥,2. 常用漢字外,,2~10級以外
2454,寅,2. 常用漢字外,,2~10級以外
2455,寓,2. 常用漢字外,,2~10級以外
2456,寵,2. 常用漢字外,,2~10級以外
2457,尖,2. 常用漢字外,,2~10級以外
2458,尤,2. 常用漢字外,,2~10級以外
2459,屑,2. 常用漢字外,,2~10級以外
2460,峨,2. 常用漢字外,,2~10級以外
2461,峻,2. 常用漢字外,,2~10級以外
2462,崚,2. 常用漢字外,,2~10級以外
2463,嵯,2. 常用漢字外,,2~10級以外
2464,嵩,2. 常用漢字外,,2~10級以外
2465,嶺,2. 常用漢字外,,2~10級以外
2466,巌,2. 常用漢字外,巖,2~10級以外
2467,巫,2. 常用漢字外,,2~10級以外
2468,已,2. 常用漢字外,,2~10級以外
2469,巳,2. 常用漢字外,,2~10級以外
2470,巴,2. 常用漢字外,,2~10級以外
2471,巷,2. 常用漢字外,,2~10級以外
2472,巽,2. 常用漢字外,,2~10級以外
2473,帖,2. 常用漢字外,,2~10級以外
2474,幌,2. 常用漢字外,,2~10級以外
2475,幡,2. 常用漢字外,,2~10級以外
2476,庄,2. 常用漢字外,,2~10級以外
2477,庇,2. 常用漢字外,,2~10級以外
2478,庚,2. 常用漢字外,,2~10級以外
2479,庵,2. 常用漢字外,,2~10級以外
2480,廟,2. 常用漢字外,,2~10級以外
2481,廻,2. 常用漢字外,,2~10級以外
2482,弘,2. 常用漢字外,,2~10級以外
2483,弛,2. 常用漢字外,,2~10級以外
2484,彗,2. 常用漢字外,,2~10級以外
2485,彦,2. 常用漢字外,,2~10級以外
2486,彪,2. 常用漢字外,,2~10級以外
2487,彬,2. 常用漢字外,,2~10級以外
2488,徠,2. 常用漢字外,,2~10級以外
2489,忽,2. 常用漢字外,,2~10級以外
2490,怜,2. 常用漢字外,,2~10級以外
2491,恢,2. 常用漢字外,,2~10級以外
2492,恰,2. 常用漢字外,,2~10級以外
2493,恕,2. 常用漢字外,,2~10級以外
2494,悌,2. 常用漢字外,,2~10級以外
2495,惟,2. 常用漢字外,,2~10級以外
2496,惚,2. 常用漢字外,,2~10級以外
2497,悉,2. 常用漢字外,,2~10級以外
2498,惇,2. 常用漢字外,,2~10級以外
2499,惹,2. 常用漢字外,,2~10級以外
2500,惺,2. 常用漢字外,,2~10級以外
2501,惣,2. 常用漢字外,,2~10級以外
2502,慧,2. 常用漢字外,,2~10級以外
2503,憐,2. 常用漢字外,,2~10級以外
2504,戊,2. 常用漢字外,,2~10級以外
2505,或,2. 常用漢字外,,2~10級以外
2506,戟,2. 常用漢字外,,2~10級以外
2507,托,2. 常用漢字外,,2~10級以外
2508,按,2. 常用漢字外,,2~10級以外
2509,挺,2. 常用漢字外,,2~10級以外
2510,挽,2. 常用漢字外,,2~10級以外
2511,掬,2. 常用漢字外,,2~10級以外
2512,捲,2. 常用漢字外,,2~10級以外
2513,捷,2. 常用漢字外,,2~10級以外
2514,捺,2. 常用漢字外,,2~10級以外
2515,捧,2. 常用漢字外,,2~10級以外
2516,掠,2. 常用漢字外,,2~10級以外
2517,揃,2. 常用漢字外,,2~10級以外
2518,摑,2. 常用漢字外,,2~10級以外
2519,摺,2. 常用漢字外,,2~10級以外
2520,撒,2. 常用漢字外,,2~10級以外
2521,撰,2. 常用漢字外,,2~10級以外
2522,撞,2. 常用漢字外,,2~10級以外
2523,播,2. 常用漢字外,,2~10級以外
2524,撫,2. 常用漢字外,,2~10級以外
2525,擢,2. 常用漢字外,,2~10級以外
2526,孜,2. 常用漢字外,,2~10級以外
2527,敦,2. 常用漢字外,,2~10級以外
2528,斐,2. 常用漢字外,,2~10級以外
2529,斡,2. 常用漢字外,,2~10級以外
2530,斧,2. 常用漢字外,,2~10級以外
2531,斯,2. 常用漢字外,,2~10級以外
2532,於,2. 常用漢字外,,2~10級以外
2533,旭,2. 常用漢字外,,2~10級以外
2534,昂,2. 常用漢字外,,2~10級以外
2535,昊,2. 常用漢字外,,2~10級以外
2536,昏,2. 常用漢字外,,2~10級以外
2537,昌,2. 常用漢字外,,2~10級以外
2538,昴,2. 常用漢字外,,2~10級以外
2539,晏,2. 常用漢字外,,2~10級以外
2540,晃,2. 常用漢字外,晄,2~10級以外
2541,晒,2. 常用漢字外,,2~10級以外
2542,晋,2. 常用漢字外,,2~10級以外
2543,晟,2. 常用漢字外,,2~10級以外
2544,晦,2. 常用漢字外,,2~10級以外
2545,晨,2. 常用漢字外,,2~10級以外
2546,智,2. 常用漢字外,,2~10級以外
2547,暉,2. 常用漢字外,,2~10級以外
2548,暢,2. 常用漢字外,,2~10級以外
2549,曙,2. 常用漢字外,,2~10級以外
2550,曝,2. 常用漢字外,,2~10級以外
2551,曳,2. 常用漢字外,,2~10級以外
2552,朋,2. 常用漢字外,,2~10級以外
2553,朔,2. 常用漢字外,,2~10級以外
2554,杏,2. 常用漢字外,,2~10級以外
2555,杖,2. 常用漢字外,,2~10級以外
2556,杜,2. 常用漢字外,,2~10級以外
2557,李,2. 常用漢字外,,2~10級以外
2558,杭,2. 常用漢字外,,2~10級以外
2559,杵,2. 常用漢字外,,2~10級以外
2560,杷,2. 常用漢字外,,2~10級以外
2561,枇,2. 常用漢字外,,2~10級以外
2562,柑,2. 常用漢字外,,2~10級以外
2563,柴,2. 常用漢字外,,2~10級以外
2564,柘,2. 常用漢字外,,2~10級以外
2565,柊,2. 常用漢字外,,2~10級以外
2566,柏,2. 常用漢字外,,2~10級以外
2567,柾,2. 常用漢字外,,2~10級以外
2568,柚,2. 常用漢字外,,2~10級以外
2569,桧,2. 常用漢字外,檜,2~10級以外
2570,栞,2. 常用漢字外,,2~10級以外
2571,桔,2. 常用漢字外,,2~10級以外
2572,桂,2. 常用漢字外,,2~10級以外
2573,栖,2. 常用漢字外,,2~10級以外
2574,桐,2. 常用漢字外,,2~10級以外
2575,栗,2. 常用漢字外,,2~10級以外
2576,梧,2. 常用漢字外,,2~10級以外
2577,梓,2. 常用漢字外,,2~10級以外
2578,梢,2. 常用漢字外,,2~10級以外
2579,梛,2. 常用漢字外,,2~10級以外
2580,梯,2. 常用漢字外,,2~10級以外
2581,桶,2. 常用漢字外,,2~10級以外
2582,梶,2. 常用漢字外,,2~10級以外
2583,椛,2. 常用漢字外,,2~10級以外
2584,梁,2. 常用漢字外,,2~10級以外
2585,棲,2. 常用漢字外,,2~10級以外
2586,椋,2. 常用漢字外,,2~10級以外
2587,椀,2. 常用漢字外,,2~10級以外
2588,楯,2. 常用漢字外,,2~10級以外
2589,楚,2. 常用漢字外,,2~10級以外
2590,楕,2. 常用漢字外,,2~10級以外
2591,椿,2. 常用漢字外,,2~10級以外
2592,楠,2. 常用漢字外,,2~10級以外
2593,楓,2. 常用漢字外,,2~10級以外
2594,椰,2. 常用漢字外,,2~10級以外
2595,楢,2. 常用漢字外,,2~10級以外
2596,楊,2. 常用漢字外,,2~10級以外
2597,榎,2. 常用漢字外,,2~10級以外
2598,樺,2. 常用漢字外,,2~10級以外
2599,榊,2. 常用漢字外,,2~10級以外
2600,榛,2. 常用漢字外,,2~10級以外
2601,槙,2. 常用漢字外,槇,2~10級以外
2602,槍,2. 常用漢字外,,2~10級以外
2603,槌,2. 常用漢字外,,2~10級以外
2604,樫,2. 常用漢字外,,2~10級以外
2605,槻,2. 常用漢字外,,2~10級以外
2606,樟,2. 常用漢字外,,2~10級以外
2607,樋,2. 常用漢字外,,2~10級以外
2608,橘,2. 常用漢字外,,2~10級以外
2609,樽,2. 常用漢字外,,2~10級以外
2610,橙,2. 常用漢字外,,2~10級以外
2611,檎,2. 常用漢字外,,2~10級以外
2612,檀,2. 常用漢字外,,2~10級以外
2613,櫂,2. 常用漢字外,,2~10級以外
2614,櫛,2. 常用漢字外,,2~10級以外
2615,櫓,2. 常用漢字外,,2~10級以外
2616,欣,2. 常用漢字外,,2~10級以外
2617,欽,2. 常用漢字外,,2~10級以外
2618,歎,2. 常用漢字外,,2~10級以外
2619,此,2. 常用漢字外,,2~10級以外
2620,殆,2. 常用漢字外,,2~10級以外
2621,毅,2. 常用漢字外,,2~10級以外
2622,毘,2. 常用漢字外,,2~10級以外
2623,毬,2. 常用漢字外,,2~10級以外
2624,汀,2. 常用漢字外,,2~10級以外
2625,汝,2. 常用漢字外,,2~10級以外
2626,汐,2. 常用漢字外,,2~10級以外
2627,汲,2. 常用漢字外,,2~10級以外
2628,沌,2. 常用漢字外,,2~10級以外
2629,沓,2. 常用漢字外,,2~10級以外
2630,沫,2. 常用漢字外,,2~10級以外
2631,洸,2. 常用漢字外,,2~10級以外
2632,洲,2. 常用漢字外,,2~10級以外
2633,洵,2. 常用漢字外,,2~10級以外
2634,洛,2. 常用漢字外,,2~10級以外
2635,浩,2. 常用漢字外,,2~10級以外
2636,浬,2. 常用漢字外,,2~10級以外
2637,淵,2. 常用漢字外,,2~10級以外
2638,淳,2. 常用漢字外,,2~10級以外
2639,渚,2. 常用漢字外,渚,2~10級以外
2640,淀,2. 常用漢字外,,2~10級以外
2641,淋,2. 常用漢字外,,2~10級以外
2642,渥,2. 常用漢字外,,2~10級以外
2643,渾,2. 常用漢字外,,2~10級以外
2644,湘,2. 常用漢字外,,2~10級以外
2645,湊,2. 常用漢字外,,2~10級以外
2646,湛,2. 常用漢字外,,2~10級以外
2647,溢,2. 常用漢字外,,2~10級以外
2648,滉,2. 常用漢字外,,2~10級以外
2649,溜,2. 常用漢字外,,2~10級以外
2650,漱,2. 常用漢字外,,2~10級以外
2651,漕,2. 常用漢字外,,2~10級以外
2652,漣,2. 常用漢字外,,2~10級以外
2653,澪,2. 常用漢字外,,2~10級以外
2654,濡,2. 常用漢字外,,2~10級以外
2655,瀕,2. 常用漢字外,,2~10級以外
2656,灘,2. 常用漢字外,,2~10級以外
2657,灸,2. 常用漢字外,,2~10級以外
2658,灼,2. 常用漢字外,,2~10級以外
2659,烏,2. 常用漢字外,,2~10級以外
2660,焰,2. 常用漢字外,,2~10級以外
2661,焚,2. 常用漢字外,,2~10級以外
2662,煌,2. 常用漢字外,,2~10級以外
2663,煤,2. 常用漢字外,,2~10級以外
2664,煉,2. 常用漢字外,,2~10級以外
2665,熙,2. 常用漢字外,,2~10級以外
2666,燕,2. 常用漢字外,,2~10級以外
2667,燎,2. 常用漢字外,,2~10級以外
2668,燦,2. 常用漢字外,,2~10級以外
2669,燭,2. 常用漢字外,,2~10級以外
2670,燿,2. 常用漢字外,,2~10級以外
2671,爾,2. 常用漢字外,,2~10級以外
2672,牒,2. 常用漢字外,,2~10級以外
2673,牟,2. 常用漢字外,,2~10級以外
2674,牡,2. 常用漢字外,,2~10級以外
2675,牽,2. 常用漢字外,,2~10級以外
2676,犀,2. 常用漢字外,,2~10級以外
2677,狼,2. 常用漢字外,,2~10級以外
2678,猪,2. 常用漢字外,猪,2~10級以外
2679,獅,2. 常用漢字外,,2~10級以外
2680,玖,2. 常用漢字外,,2~10級以外
2681,珂,2. 常用漢字外,,2~10級以外
2682,珈,2. 常用漢字外,,2~10級以外
2683,珊,2. 常用漢字外,,2~10級以外
2684,珀,2. 常用漢字外,,2~10級以外
2685,玲,2. 常用漢字外,,2~10級以外
2686,琢,2. 常用漢字外,琢,2~10級以外
2687,琉,2. 常用漢字外,,2~10級以外
2688,瑛,2. 常用漢字外,,2~10級以外
2689,琥,2. 常用漢字外,,2~10級以外
2690,琶,2. 常用漢字外,,2~10級以外
2691,琵,2. 常用漢字外,,2~10級以外
2692,琳,2. 常用漢字外,,2~10級以外
2693,瑚,2. 常用漢字外,,2~10級以外
2694,瑞,2. 常用漢字外,,2~10級以外
2695,瑶,2. 常用漢字外,,2~10級以外
2696,瑳,2. 常用漢字外,,2~10級以外
2697,瓜,2. 常用漢字外,,2~10級以外
2698,瓢,2. 常用漢字外,,2~10級以外
2699,甥,2. 常用漢字外,,2~10級以外
2700,甫,2. 常用漢字外,,2~10級以外
2701,畠,2. 常用漢字外,,2~10級以外
2702,畢,2. 常用漢字外,,2~10級以外
2703,疋,2. 常用漢字外,,2~10級以外
2704,疏,2. 常用漢字外,,2~10級以外
2705,皐,2. 常用漢字外,,2~10級以外
2706,皓,2. 常用漢字外,,2~10級以外
2707,眸,2. 常用漢字外,,2~10級以外
2708,瞥,2. 常用漢字外,,2~10級以外
2709,矩,2. 常用漢字外,,2~10級以外
2710,砦,2. 常用漢字外,,2~10級以外
2711,砥,2. 常用漢字外,,2~10級以外
2712,砧,2. 常用漢字外,,2~10級以外
2713,硯,2. 常用漢字外,,2~10級以外
2714,碓,2. 常用漢字外,,2~10級以外
2715,碗,2. 常用漢字外,,2~10級以外
2716,碩,2. 常用漢字外,,2~10級以外
2717,碧,2. 常用漢字外,,2~10級以外
2718,磐,2. 常用漢字外,,2~10級以外
2719,磯,2. 常用漢字外,,2~10級以外
2720,祇,2. 常用漢字外,,2~10級以外
2721,祢,2. 常用漢字外,禰,2~10級以外
2722,祐,2. 常用漢字外,祐,2~10級以外
2723,祷,2. 常用漢字外,禱,2~10級以外
2724,禄,2. 常用漢字外,祿,2~10級以外
2725,禎,2. 常用漢字外,禎,2~10級以外
2726,禽,2. 常用漢字外,,2~10級以外
2727,禾,2. 常用漢字外,,2~10級以外
2728,秦,2. 常用漢字外,,2~10級以外
2729,秤,2. 常用漢字外,,2~10級以外
2730,稀,2. 常用漢字外,,2~10級以外
2731,稔,2. 常用漢字外,,2~10級以外
2732,稟,2. 常用漢字外,,2~10級以外
2733,稜,2. 常用漢字外,,2~10級以外
2734,穣,2. 常用漢字外,穰,2~10級以外
2735,穹,2. 常用漢字外,,2~10級以外
2736,穿,2. 常用漢字外,,2~10級以外
2737,窄,2. 常用漢字外,,2~10級以外
2738,窪,2. 常用漢字外,,2~10級以外
2739,窺,2. 常用漢字外,,2~10級以外
2740,竣,2. 常用漢字外,,2~10級以外
2741,竪,2. 常用漢字外,,2~10級以外
2742,竺,2. 常用漢字外,,2~10級以外
2743,竿,2. 常用漢字外,,2~10級以外
2744,笈,2. 常用漢字外,,2~10級以外
2745,笹,2. 常用漢字外,,2~10級以外
2746,笙,2. 常用漢字外,,2~10級以外
2747,笠,2. 常用漢字外,,2~10級以外
2748,筈,2. 常用漢字外,,2~10級以外
2749,筑,2. 常用漢字外,,2~10級以外
2750,箕,2. 常用漢字外,,2~10級以外
2751,箔,2. 常用漢字外,,2~10級以外
2752,篇,2. 常用漢字外,,2~10級以外
2753,篠,2. 常用漢字外,,2~10級以外
2754,簞,2. 常用漢字外,,2~10級以外
2755,簾,2. 常用漢字外,,2~10級以外
2756,籾,2. 常用漢字外,,2~10級以外
2757,粥,2. 常用漢字外,,2~10級以外
2758,粟,2. 常用漢字外,,2~10級以外
2759,糊,2. 常用漢字外,,2~10級以外
2760,紘,2. 常用漢字外,,2~10級以外
2761,紗,2. 常用漢字外,,2~10級以外
2762,紐,2. 常用漢字外,,2~10級以外
2763,絃,2. 常用漢字外,,2~10級以外
2764,紬,2. 常用漢字外,,2~10級以外
2765,絆,2. 常用漢字外,,2~10級以外
2766,絢,2. 常用漢字外,,2~10級以外
2767,綺,2. 常用漢字外,,2~10級以外
2768,綜,2. 常用漢字外,,2~10級以外
2769,綴,2. 常用漢字外,,2~10級以外
2770,緋,2. 常用漢字外,,2~10級以外
2771,綾,2. 常用漢字外,,2~10級以外
2772,綸,2. 常用漢字外,,2~10級以外
2773,縞,2. 常用漢字外,,2~10級以外
2774,徽,2. 常用漢字外,,2~10級以外
2775,繫,2. 常用漢字外,,2~10級以外
2776,繡,2. 常用漢字外,,2~10級以外
2777,纂,2. 常用漢字外,,2~10級以外
2778,纏,2. 常用漢字外,,2~10級以外
2779,羚,2. 常用漢字外,,2~10級以外
2780,翔,2. 常用漢字外,,2~10級以外
2781,翠,2. 常用漢字外,,2~10級以外
2782,耀,2. 常用漢字外,,2~10級以外
2783,而,2. 常用漢字外,,2~10級以外
2784,耶,2. 常用漢字外,,2~10級以外
2785,耽,2. 常用漢字外,,2~10級以外
2786,聡,2. 常用漢字外,,2~10級以外
2787,肇,2. 常用漢字外,,2~10級以外
2788,肋,2. 常用漢字外,,2~10級以外
2789,肴,2. 常用漢字外,,2~10級以外
2790,胤,2. 常用漢字外,,2~10級以外
2791,胡,2. 常用漢字外,,2~10級以外
2792,脩,2. 常用漢字外,,2~10級以外
2793,腔,2. 常用漢字外,,2~10級以外
2794,脹,2. 常用漢字外,,2~10級以外
2795,膏,2. 常用漢字外,,2~10級以外
2796,臥,2. 常用漢字外,,2~10級以外
2797,舜,2. 常用漢字外,,2~10級以外
2798,舵,2. 常用漢字外,,2~10級以外
2799,芥,2. 常用漢字外,,2~10級以外
2800,芹,2. 常用漢字外,,2~10級以外
2801,芭,2. 常用漢字外,,2~10級以外
2802,芙,2. 常用漢字外,,2~10級以外
2803,芦,2. 常用漢字外,,2~10級以外
2804,苑,2. 常用漢字外,,2~10級以外
2805,茄,2. 常用漢字外,,2~10級以外
2806,苔,2. 常用漢字外,,2~10級以外
2807,苺,2. 常用漢字外,,2~10級以外
2808,茅,2. 常用漢字外,,2~10級以外
2809,茉,2. 常用漢字外,,2~10級以外
2810,茸,2. 常用漢字外,,2~10級以外
2811,茜,2. 常用漢字外,,2~10級以外
2812,莞,2. 常用漢字外,,2~10級以外
2813,荻,2. 常用漢字外,,2~10級以外
2814,莫,2. 常用漢字外,,2~10級以外
2815,莉,2. 常用漢字外,,2~10級以外
2816,菅,2. 常用漢字外,,2~10級以外
2817,菫,2. 常用漢字外,,2~10級以外
2818,菖,2. 常用漢字外,,2~10級以外
2819,萄,2. 常用漢字外,,2~10級以外
2820,菩,2. 常用漢字外,,2~10級以外
2821,萌,2. 常用漢字外,萠,2~10級以外
2822,萊,2. 常用漢字外,,2~10級以外
2823,菱,2. 常用漢字外,,2~10級以外
2824,葦,2. 常用漢字外,,2~10級以外
2825,葵,2. 常用漢字外,,2~10級以外
2826,萱,2. 常用漢字外,,2~10級以外
2827,葺,2. 常用漢字外,,2~10級以外
2828,萩,2. 常用漢字外,,2~10級以外
2829,董,2. 常用漢字外,,2~10級以外
2830,葡,2. 常用漢字外,,2~10級以外
2831,蓑,2. 常用漢字外,,2~10級以外
2832,蒔,2. 常用漢字外,,2~10級以外
2833,蒐,2. 常用漢字外,,2~10級以外
2834,蒼,2. 常用漢字外,,2~10級以外
2835,蒲,2. 常用漢字外,,2~10級以外
2836,蒙,2. 常用漢字外,,2~10級以外
2837,蓉,2. 常用漢字外,,2~10級以外
2838,蓮,2. 常用漢字外,,2~10級以外
2839,蔭,2. 常用漢字外,,2~10級以外
2840,蔣,2. 常用漢字外,,2~10級以外
2841,蔦,2. 常用漢字外,,2~10級以外
2842,蓬,2. 常用漢字外,,2~10級以外
2843,蔓,2. 常用漢字外,,2~10級以外
2844,蕎,2. 常用漢字外,,2~10級以外
2845,蕨,2. 常用漢字外,,2~10級以外
2846,蕉,2. 常用漢字外,,2~10級以外
2847,蕃,2. 常用漢字外,,2~10級以外
2848,蕪,2. 常用漢字外,,2~10級以外
2849,薙,2. 常用漢字外,,2~10級以外
2850,蕾,2. 常用漢字外,,2~10級以外
2851,蕗,2. 常用漢字外,,2~10級以外
2852,藁,2. 常用漢字外,,2~10級以外
2853,薩,2. 常用漢字外,,2~10級以外
2854,蘇,2. 常用漢字外,,2~10級以外
2855,蘭,2. 常用漢字外,,2~10級以外
2856,蝦,2. 常用漢字外,,2~10級以外
2857,蝶,2. 常用漢字外,,2~10級以外
2858,螺,2. 常用漢字外,,2~10級以外
2859,蟬,2. 常用漢字外,,2~10級以外
2860,蟹,2. 常用漢字外,,2~10級以外
2861,蠟,2. 常用漢字外,,2~10級以外
2862,衿,2. 常用漢字外,,2~10級以外
2863,袈,2. 常用漢字外,,2~10級以外
2864,袴,2. 常用漢字外,,2~10級以外
2865,裡,2. 常用漢字外,,2~10級以外
2866,裟,2. 常用漢字外,,2~10級以外
2867,裳,2. 常用漢字外,,2~10級以外
2868,襖,2. 常用漢字外,,2~10級以外
2869,訊,2. 常用漢字外,,2~10級以外
2870,訣,2. 常用漢字外,,2~10級以外
2871,註,2. 常用漢字外,,2~10級以外
2872,詢,2. 常用漢字外,,2~10級以外
2873,詫,2. 常用漢字外,,2~10級以外
2874,誼,2. 常用漢字外,,2~10級以外
2875,諏,2. 常用漢字外,,2~10級以外
2876,諄,2. 常用漢字外,,2~10級以外
2877,諒,2. 常用漢字外,,2~10級以外
2878,謂,2. 常用漢字外,,2~10級以外
2879,諺,2. 常用漢字外,,2~10級以外
2880,讃,2. 常用漢字外,,2~10級以外
2881,豹,2. 常用漢字外,,2~10級以外
2882,貰,2. 常用漢字外,,2~10級以外
2883,賑,2. 常用漢字外,,2~10級以外
2884,赳,2. 常用漢字外,,2~10級以外
2885,跨,2. 常用漢字外,,2~10級以外
2886,蹄,2. 常用漢字外,,2~10級以外
2887,蹟,2. 常用漢字外,,2~10級以外
2888,輔,2. 常用漢字外,,2~10級以外
2889,輯,2. 常用漢字外,,2~10級以外
2890,輿,2. 常用漢字外,,2~10級以外
2891,轟,2. 常用漢字外,,2~10級以外
2892,辰,2. 常用漢字外,,2~10級以外
2893,辻,2. 常用漢字外,,2~10級以外
2894,迂,2. 常用漢字外,,2~10級以外
2895,迄,2. 常用漢字外,,2~10級以外
2896,辿,2. 常用漢字外,,2~10級以外
2897,迪,2. 常用漢字外,,2~10級以外
2898,迦,2. 常用漢字外,,2~10級以外
2899,這,2. 常用漢字外,,2~10級以外
2900,逞,2. 常用漢字外,,2~10級以外
2901,逗,2. 常用漢字外,,2~10級以外
2902,逢,2. 常用漢字外,,2~10級以外
2903,遥,2. 常用漢字外,遙,2~10級以外
2904,遁,2. 常用漢字外,,2~10級以外
2905,遼,2. 常用漢字外,,2~10級以外
2906,邑,2. 常用漢字外,,2~10級以外
2907,祁,2. 常用漢字外,,2~10級以外
2908,郁,2. 常用漢字外,,2~10級以外
2909,鄭,2. 常用漢字外,,2~10級以外
2910,酉,2. 常用漢字外,,2~10級以外
2911,醇,2. 常用漢字外,,2~10級以外
2912,醐,2. 常用漢字外,,2~10級以外
2913,醍,2. 常用漢字外,,2~10級以外
2914,醬,2. 常用漢字外,,2~10級以外
2915,釉,2. 常用漢字外,,2~10級以外
2916,釘,2. 常用漢字外,,2~10級以外
2917,釧,2. 常用漢字外,,2~10級以外
2918,銑,2. 常用漢字外,,2~10級以外
2919,鋒,2. 常用漢字外,,2~10級以外
2920,鋸,2. 常用漢字外,,2~10級以外
2921,錘,2. 常用漢字外,,2~10級以外
2922,錐,2. 常用漢字外,,2~10級以外
2923,錆,2. 常用漢字外,,2~10級以外
2924,錫,2. 常用漢字外,,2~10級以外
2925,鍬,2. 常用漢字外,,2~10級以外
2926,鎧,2. 常用漢字外,,2~10級以外
2927,閃,2. 常用漢字外,,2~10級以外
2928,閏,2. 常用漢字外,,2~10級以外
2929,閤,2. 常用漢字外,,2~10級以外
2930,阿,2. 常用漢字外,,2~10級以外
2931,陀,2. 常用漢字外,,2~10級以外
2932,隈,2. 常用漢字外,,2~10級以外
2933,隼,2. 常用漢字外,,2~10級以外
2934,雀,2. 常用漢字外,,2~10級以外
2935,雁,2. 常用漢字外,,2~10級以外
2936,雛,2. 常用漢字外,,2~10級以外
2937,雫,2. 常用漢字外,,2~10級以外
2938,霞,2. 常用漢字外,,2~10級以外
2939,靖,2. 常用漢字外,,2~10級以外
2940,鞄,2. 常用漢字外,,2~10級以外
2941,鞍,2. 常用漢字外,,2~10級以外
2942,鞘,2. 常用漢字外,,2~10級以外
2943,鞠,2. 常用漢字外,,2~10級以外
2944,鞭,2. 常用漢字外,,2~10級以外
2945,頁,2. 常用漢字外,,2~10級以外
2946,頌,2. 常用漢字外,,2~10級以外
2947,頗,2. 常用漢字外,,2~10級以外
2948,顚,2. 常用漢字外,,2~10級以外
2949,颯,2. 常用漢字外,,2~10級以外
2950,饗,2. 常用漢字外,,2~10級以外
2951,馨,2. 常用漢字外,,2~10級以外
2952,馴,2. 常用漢字外,,2~10級以外
2953,馳,2. 常用漢字外,,2~10級以外
2954,駕,2. 常用漢字外,,2~10級以外
2955,駿,2. 常用漢字外,,2~10級以外
2956,驍,2. 常用漢字外,,2~10級以外
2957,魁,2. 常用漢字外,,2~10級以外
2958,魯,2. 常用漢字外,,2~10級以外
2959,鮎,2. 常用漢字外,,2~10級以外
2960,鯉,2. 常用漢字外,,2~10級以外
2961,鯛,2. 常用漢字外,,2~10級以外
2962,鰯,2. 常用漢字外,,2~10級以外
2963,鱒,2. 常用漢字外,,2~10級以外
2964,鱗,2. 常用漢字外,,2~10級以外
2965,鳩,2. 常用漢字外,,2~10級以外
2966,鳶,2. 常用漢字外,,2~10級以外
2967,鳳,2. 常用漢字外,,2~10級以外
2968,鴨,2. 常用漢字外,,2~10級以外
2969,鴻,2. 常用漢字外,,2~10級以外
2970,鵜,2. 常用漢字外,,2~10級以外
2971,鵬,2. 常用漢字外,,2~10級以外
2972,鷗,2. 常用漢字外,,2~10級以外
2973,鷲,2. 常用漢字外,,2~10級以外
2974,鷺,2. 常用漢字外,,2~10級以外
2975,鷹,2. 常用漢字外,,2~10級以外
2976,麒,2. 常用漢字外,,2~10級以外
2977,麟,2. 常用漢字外,,2~10級以外
2978,麿,2. 常用漢字外,,2~10級以外
2979,黎,2. 常用漢字外,,2~10級以外
2980,黛,2. 常用漢字外,,2~10級以外
2981,鼎,2. 常用漢字外,,2~10級以外
2982,亙,2. 常用漢字外,亘,2~10級以外
2983,凛,2. 常用漢字外,凜,2~10級以外
2984,堯,2. 常用漢字外,尭,2~10級以外
2985,巖,2. 常用漢字外,巌,2~10級以外
2986,晄,2. 常用漢字外,晃,2~10級以外
2987,檜,2. 常用漢字外,桧,2~10級以外
2988,槇,2. 常用漢字外,槙,2~10級以外
2989,渚,2. 常用漢字外,渚,2~10級以外
2990,猪,2. 常用漢字外,猪,2~10級以外
2991,琢,2. 常用漢字外,琢,2~10級以外
2992,禰,2. 常用漢字外,祢,2~10級以外
2993,祐,2. 常用漢字外,祐,2~10級以外
2994,禱,2. 常用漢字外,祷,2~10級以外
2995,祿,2. 常用漢字外,禄,2~10級以外
2996,禎,2. 常用漢字外,禎,2~10級以外
2997,穰,2. 常用漢字外,穣,2~10級以外
2998,萠,2. 常用漢字外,萌,2~10級以外
2999,遙,2. 常用漢字外,遥,2~10級以外
